draw	surface	color_fmt	edram_mode	prim	prim_name	indexed	count	frag_stage	ia_verts	ia_prims	prims_after_clip	frag_invocations	verdict	depth_test	depth_write	depth_func	color_mask	blend_on	blend0	vp_x	vp_y	vp_w	vp_h	vp_minz	vp_maxz	sc_x	sc_y	sc_w	sc_h	clip_cntl	su_sc_mode	vte_cntl	window_offset	vport_xs	vport_xo	vport_ys	vport_yo	vport_zs	vport_zo	vs_hash	ps_hash
0	0x0	0	5	8	rectangle_list	0	3	0	3	1	2	0	rasterised_no_fragment	1	1	7	0	1	0x1000706	0	0	1280	720	0	1	0	0	640	720	0x10000	0x10000	0x300	0x0	640	639.75	-360	360.25	-1	1	760aacf6212e632c	63c971f5e9d59913
1	0x2d0	0	5	4	triangle_list	1	96	0	96	32	0	0	killed_by_clip_or_cull	1	1	6	0	0	0x10001	0	0	1280	720	1	0	0	0	1280	720	0x80000	0x18002	0x43f	0x0	640	639.75	-360	360.25	-1	1	b43e461d505488c5	63c971f5e9d59913
2	0x2d0	0	5	4	triangle_list	1	42	0	42	14	0	0	killed_by_clip_or_cull	1	1	6	0	0	0x10001	0	0	1280	720	1	0	0	0	1280	720	0x80000	0x18002	0x43f	0x0	640	639.75	-360	360.25	-1	1	b43e461d505488c5	63c971f5e9d59913
3	0x2d0	0	5	4	triangle_list	1	45	0	45	15	0	0	killed_by_clip_or_cull	1	1	6	0	0	0x10001	0	0	1280	720	1	0	0	0	1280	720	0x80000	0x18002	0x43f	0x0	640	639.75	-360	360.25	-1	1	b43e461d505488c5	63c971f5e9d59913
4	0x2d0	0	5	4	triangle_list	1	42	0	42	14	0	0	killed_by_clip_or_cull	1	1	6	0	0	0x10001	0	0	1280	720	1	0	0	0	1280	720	0x80000	0x18002	0x43f	0x0	640	639.75	-360	360.25	-1	1	b43e461d505488c5	63c971f5e9d59913
5	0x2d0	0	5	4	triangle_list	1	24	0	24	8	8	0	rasterised_no_fragment	1	1	6	0	0	0x10001	0	0	1280	720	1	0	0	0	1280	720	0x80000	0x18002	0x43f	0x0	640	639.75	-360	360.25	-1	1	b43e461d505488c5	63c971f5e9d59913
6	0x2d0	0	5	4	triangle_list	1	18	0	18	6	4	0	rasterised_no_fragment	1	1	6	0	0	0x10001	0	0	1280	720	1	0	0	0	1280	720	0x80000	0x18002	0x43f	0x0	640	639.75	-360	360.25	-1	1	b43e461d505488c5	63c971f5e9d59913
7	0x2d0	0	5	4	triangle_list	1	24	0	24	8	0	0	killed_by_clip_or_cull	1	1	6	0	0	0x10001	0	0	1280	720	1	0	0	0	1280	720	0x80000	0x18002	0x43f	0x0	640	639.75	-360	360.25	-1	1	b43e461d505488c5	63c971f5e9d59913
8	0x2d0	0	5	4	triangle_list	1	12	0	12	4	0	0	killed_by_clip_or_cull	1	1	6	0	0	0x10001	0	0	1280	720	1	0	0	0	1280	720	0x80000	0x18002	0x43f	0x0	640	639.75	-360	360.25	-1	1	b43e461d505488c5	63c971f5e9d59913
9	0x2d0	0	5	4	triangle_list	1	18	0	18	6	5	0	rasterised_no_fragment	1	1	6	0	0	0x10001	0	0	1280	720	1	0	0	0	1280	720	0x80000	0x18002	0x43f	0x0	640	639.75	-360	360.25	-1	1	b43e461d505488c5	63c971f5e9d59913
10	0x2d0	0	5	4	triangle_list	1	12	0	12	4	0	0	killed_by_clip_or_cull	1	1	6	0	0	0x10001	0	0	1280	720	1	0	0	0	1280	720	0x80000	0x18002	0x43f	0x0	640	639.75	-360	360.25	-1	1	b43e461d505488c5	63c971f5e9d59913
11	0x2d0	0	5	4	triangle_list	1	45	0	45	15	3	0	rasterised_no_fragment	1	1	6	0	0	0x10001	0	0	1280	720	1	0	0	0	1280	720	0x80000	0x18002	0x43f	0x0	640	639.75	-360	360.25	-1	1	b43e461d505488c5	63c971f5e9d59913
12	0x2d0	0	5	4	triangle_list	1	12	0	12	4	3	0	rasterised_no_fragment	1	1	6	0	0	0x10001	0	0	1280	720	1	0	0	0	1280	720	0x80000	0x18002	0x43f	0x0	640	639.75	-360	360.25	-1	1	b43e461d505488c5	63c971f5e9d59913
13	0x2d0	0	5	4	triangle_list	1	126	0	126	42	14	0	rasterised_no_fragment	1	1	6	0	0	0x10001	0	0	1280	720	1	0	0	0	1280	720	0x80000	0x18002	0x43f	0x0	640	639.75	-360	360.25	-1	1	b43e461d505488c5	63c971f5e9d59913
14	0x2d0	0	5	4	triangle_list	1	84	0	84	28	0	0	killed_by_clip_or_cull	1	1	6	0	0	0x10001	0	0	1280	720	1	0	0	0	1280	720	0x80000	0x18002	0x43f	0x0	640	639.75	-360	360.25	-1	1	b43e461d505488c5	63c971f5e9d59913
15	0x2d0	0	5	4	triangle_list	1	18	0	18	6	4	0	rasterised_no_fragment	1	1	6	0	0	0x10001	0	0	1280	720	1	0	0	0	1280	720	0x80000	0x18002	0x43f	0x0	640	639.75	-360	360.25	-1	1	b43e461d505488c5	63c971f5e9d59913
16	0x2d0	0	5	4	triangle_list	1	81	0	81	27	0	0	killed_by_clip_or_cull	1	1	6	0	0	0x10001	0	0	1280	720	1	0	0	0	1280	720	0x80000	0x18002	0x43f	0x0	640	639.75	-360	360.25	-1	1	b43e461d505488c5	63c971f5e9d59913
17	0x2d0	0	5	4	triangle_list	1	6	0	6	2	2	0	rasterised_no_fragment	1	1	6	0	0	0x10001	0	0	1280	720	1	0	0	0	1280	720	0x80000	0x18002	0x43f	0x0	640	639.75	-360	360.25	-1	1	b43e461d505488c5	63c971f5e9d59913
18	0x2d0	0	5	4	triangle_list	1	78	0	78	26	0	0	killed_by_clip_or_cull	1	1	6	0	0	0x10001	0	0	1280	720	1	0	0	0	1280	720	0x80000	0x18002	0x43f	0x0	640	639.75	-360	360.25	-1	1	b43e461d505488c5	63c971f5e9d59913
19	0x2d0	0	5	4	triangle_list	1	72	0	72	24	0	0	killed_by_clip_or_cull	1	1	6	0	0	0x10001	0	0	1280	720	1	0	0	0	1280	720	0x80000	0x18002	0x43f	0x0	640	639.75	-360	360.25	-1	1	b43e461d505488c5	63c971f5e9d59913
20	0x2d0	0	5	4	triangle_list	1	36	0	36	12	0	0	killed_by_clip_or_cull	1	1	6	0	0	0x10001	0	0	1280	720	1	0	0	0	1280	720	0x80000	0x18002	0x43f	0x0	640	639.75	-360	360.25	-1	1	b43e461d505488c5	63c971f5e9d59913
21	0x2d0	0	5	4	triangle_list	1	12	0	12	4	4	0	rasterised_no_fragment	1	1	6	0	0	0x10001	0	0	1280	720	1	0	0	0	1280	720	0x80000	0x18002	0x43f	0x0	640	639.75	-360	360.25	-1	1	b43e461d505488c5	63c971f5e9d59913
22	0x2d0	0	5	4	triangle_list	1	6	0	6	2	0	0	killed_by_clip_or_cull	1	1	6	0	0	0x10001	0	0	1280	720	1	0	0	0	1280	720	0x80000	0x18002	0x43f	0x0	640	639.75	-360	360.25	-1	1	b43e461d505488c5	63c971f5e9d59913
23	0x2d0	0	5	4	triangle_list	1	6	0	6	2	2	0	rasterised_no_fragment	1	1	6	0	0	0x10001	0	0	1280	720	1	0	0	0	1280	720	0x80000	0x18002	0x43f	0x0	640	639.75	-360	360.25	-1	1	b43e461d505488c5	63c971f5e9d59913
24	0x2d0	0	5	4	triangle_list	1	6	0	6	2	0	0	killed_by_clip_or_cull	1	1	6	0	0	0x10001	0	0	1280	720	1	0	0	0	1280	720	0x80000	0x18002	0x43f	0x0	640	639.75	-360	360.25	-1	1	b43e461d505488c5	63c971f5e9d59913
25	0x2d0	0	5	4	triangle_list	1	18	0	18	6	0	0	killed_by_clip_or_cull	1	1	6	0	0	0x10001	0	0	1280	720	1	0	0	0	1280	720	0x80000	0x18002	0x43f	0x0	640	639.75	-360	360.25	-1	1	b43e461d505488c5	63c971f5e9d59913
26	0x2d0	0	5	4	triangle_list	1	12	0	12	4	0	0	killed_by_clip_or_cull	1	1	6	0	0	0x10001	0	0	1280	720	1	0	0	0	1280	720	0x80000	0x18002	0x43f	0x0	640	639.75	-360	360.25	-1	1	b43e461d505488c5	63c971f5e9d59913
27	0x2d0	0	5	4	triangle_list	1	21	0	21	7	0	0	killed_by_clip_or_cull	1	1	6	0	0	0x10001	0	0	1280	720	1	0	0	0	1280	720	0x80000	0x18002	0x43f	0x0	640	639.75	-360	360.25	-1	1	b43e461d505488c5	63c971f5e9d59913
28	0x2d0	0	5	4	triangle_list	1	24	0	24	8	0	0	killed_by_clip_or_cull	1	1	6	0	0	0x10001	0	0	1280	720	1	0	0	0	1280	720	0x80000	0x18002	0x43f	0x0	640	639.75	-360	360.25	-1	1	b43e461d505488c5	63c971f5e9d59913
29	0x2d0	0	5	4	triangle_list	1	6	0	6	2	2	0	rasterised_no_fragment	1	1	6	0	0	0x10001	0	0	1280	720	1	0	0	0	1280	720	0x80000	0x18002	0x43f	0x0	640	639.75	-360	360.25	-1	1	b43e461d505488c5	63c971f5e9d59913
30	0x2d0	0	5	4	triangle_list	1	6	0	6	2	0	0	killed_by_clip_or_cull	1	1	6	0	0	0x10001	0	0	1280	720	1	0	0	0	1280	720	0x80000	0x18002	0x43f	0x0	640	639.75	-360	360.25	-1	1	b43e461d505488c5	63c971f5e9d59913
31	0x2d0	0	5	4	triangle_list	1	12	0	12	4	0	0	killed_by_clip_or_cull	1	1	6	0	0	0x10001	0	0	1280	720	1	0	0	0	1280	720	0x80000	0x18002	0x43f	0x0	640	639.75	-360	360.25	-1	1	b43e461d505488c5	63c971f5e9d59913
32	0x2d0	0	5	4	triangle_list	1	72	0	72	24	0	0	killed_by_clip_or_cull	1	1	6	0	0	0x10001	0	0	1280	720	1	0	0	0	1280	720	0x80000	0x18002	0x43f	0x0	640	639.75	-360	360.25	-1	1	b43e461d505488c5	63c971f5e9d59913
33	0x2d0	0	5	4	triangle_list	1	21	0	21	7	0	0	killed_by_clip_or_cull	1	1	6	0	0	0x10001	0	0	1280	720	1	0	0	0	1280	720	0x80000	0x18002	0x43f	0x0	640	639.75	-360	360.25	-1	1	b43e461d505488c5	63c971f5e9d59913
34	0x2d0	0	5	4	triangle_list	1	18	0	18	6	2	0	rasterised_no_fragment	1	1	6	0	0	0x10001	0	0	1280	720	1	0	0	0	1280	720	0x80000	0x18002	0x43f	0x0	640	639.75	-360	360.25	-1	1	b43e461d505488c5	63c971f5e9d59913
35	0x2d0	0	5	4	triangle_list	1	6	0	6	2	0	0	killed_by_clip_or_cull	1	1	6	0	0	0x10001	0	0	1280	720	1	0	0	0	1280	720	0x80000	0x18002	0x43f	0x0	640	639.75	-360	360.25	-1	1	b43e461d505488c5	63c971f5e9d59913
36	0x2d0	0	5	4	triangle_list	1	111	0	111	37	8	0	rasterised_no_fragment	1	1	6	0	0	0x10001	0	0	1280	720	1	0	0	0	1280	720	0x80000	0x18002	0x43f	0x0	640	639.75	-360	360.25	-1	1	b43e461d505488c5	63c971f5e9d59913
37	0x2d0	0	5	4	triangle_list	1	117	0	117	39	12	0	rasterised_no_fragment	1	1	6	0	0	0x10001	0	0	1280	720	1	0	0	0	1280	720	0x80000	0x18002	0x43f	0x0	640	639.75	-360	360.25	-1	1	b43e461d505488c5	63c971f5e9d59913
38	0x2d0	0	5	4	triangle_list	1	6	0	6	2	2	0	rasterised_no_fragment	1	1	6	0	0	0x10001	0	0	1280	720	1	0	0	0	1280	720	0x80000	0x18002	0x43f	0x0	640	639.75	-360	360.25	-1	1	b43e461d505488c5	63c971f5e9d59913
39	0x2d0	0	5	4	triangle_list	1	75	0	75	25	0	0	killed_by_clip_or_cull	1	1	6	0	0	0x10001	0	0	1280	720	1	0	0	0	1280	720	0x80000	0x18002	0x43f	0x0	640	639.75	-360	360.25	-1	1	b43e461d505488c5	63c971f5e9d59913
40	0x2d0	0	5	4	triangle_list	1	48	0	48	16	0	0	killed_by_clip_or_cull	1	1	6	0	0	0x10001	0	0	1280	720	1	0	0	0	1280	720	0x80000	0x18002	0x43f	0x0	640	639.75	-360	360.25	-1	1	b43e461d505488c5	63c971f5e9d59913
41	0x2d0	0	5	4	triangle_list	1	72	0	72	24	0	0	killed_by_clip_or_cull	1	1	6	0	0	0x10001	0	0	1280	720	1	0	0	0	1280	720	0x80000	0x18002	0x43f	0x0	640	639.75	-360	360.25	-1	1	b43e461d505488c5	63c971f5e9d59913
42	0x2d0	0	5	4	triangle_list	1	6	0	6	2	0	0	killed_by_clip_or_cull	1	1	6	0	0	0x10001	0	0	1280	720	1	0	0	0	1280	720	0x80000	0x18002	0x43f	0x0	640	639.75	-360	360.25	-1	1	b43e461d505488c5	63c971f5e9d59913
43	0x2d0	0	5	4	triangle_list	1	24	0	24	8	0	0	killed_by_clip_or_cull	1	1	6	0	0	0x10001	0	0	1280	720	1	0	0	0	1280	720	0x80000	0x18002	0x43f	0x0	640	639.75	-360	360.25	-1	1	b43e461d505488c5	63c971f5e9d59913
44	0x2d0	0	5	4	triangle_list	1	18	0	18	6	0	0	killed_by_clip_or_cull	1	1	6	0	0	0x10001	0	0	1280	720	1	0	0	0	1280	720	0x80000	0x18002	0x43f	0x0	640	639.75	-360	360.25	-1	1	b43e461d505488c5	63c971f5e9d59913
45	0x2d0	0	5	4	triangle_list	1	6	0	6	2	2	0	rasterised_no_fragment	1	1	6	0	0	0x10001	0	0	1280	720	1	0	0	0	1280	720	0x80000	0x18002	0x43f	0x0	640	639.75	-360	360.25	-1	1	b43e461d505488c5	63c971f5e9d59913
46	0x2d0	0	5	4	triangle_list	1	6	0	6	2	0	0	killed_by_clip_or_cull	1	1	6	0	0	0x10001	0	0	1280	720	1	0	0	0	1280	720	0x80000	0x18002	0x43f	0x0	640	639.75	-360	360.25	-1	1	b43e461d505488c5	63c971f5e9d59913
47	0x2d0	0	5	4	triangle_list	1	180	0	180	60	1	0	rasterised_no_fragment	1	1	6	0	0	0x10001	0	0	1280	720	1	0	0	0	1280	720	0x80000	0x18002	0x43f	0x0	640	639.75	-360	360.25	-1	1	b43e461d505488c5	63c971f5e9d59913
48	0x2d0	0	5	4	triangle_list	1	96	0	96	32	1	0	rasterised_no_fragment	1	1	6	0	0	0x10001	0	0	1280	720	1	0	0	0	1280	720	0x80000	0x18002	0x43f	0x0	640	639.75	-360	360.25	-1	1	b43e461d505488c5	63c971f5e9d59913
49	0x2d0	0	5	4	triangle_list	1	1440	0	1440	480	217	0	rasterised_no_fragment	1	1	6	0	0	0x10001	0	0	1280	720	1	0	0	0	1280	720	0x80000	0x18002	0x43f	0x0	640	639.75	-360	360.25	-1	1	330603173ed375c	63c971f5e9d59913
50	0x2d0	0	5	4	triangle_list	1	63	0	63	21	0	0	killed_by_clip_or_cull	1	1	6	0	0	0x10001	0	0	1280	720	1	0	0	0	1280	720	0x80000	0x18002	0x43f	0x0	640	639.75	-360	360.25	-1	1	b43e461d505488c5	63c971f5e9d59913
51	0x2d0	0	5	4	triangle_list	1	348	0	348	116	0	0	killed_by_clip_or_cull	1	1	6	0	0	0x10001	0	0	1280	720	1	0	0	0	1280	720	0x80000	0x18002	0x43f	0x0	640	639.75	-360	360.25	-1	1	b43e461d505488c5	63c971f5e9d59913
52	0x2d0	0	5	4	triangle_list	1	153	0	153	51	0	0	killed_by_clip_or_cull	1	1	6	0	0	0x10001	0	0	1280	720	1	0	0	0	1280	720	0x80000	0x18002	0x43f	0x0	640	639.75	-360	360.25	-1	1	b43e461d505488c5	63c971f5e9d59913
53	0x2d0	0	5	4	triangle_list	1	108	0	108	36	0	0	killed_by_clip_or_cull	1	1	6	0	0	0x10001	0	0	1280	720	1	0	0	0	1280	720	0x80000	0x18002	0x43f	0x0	640	639.75	-360	360.25	-1	1	b43e461d505488c5	63c971f5e9d59913
54	0x2d0	0	5	4	triangle_list	1	72	0	72	24	0	0	killed_by_clip_or_cull	1	1	6	0	0	0x10001	0	0	1280	720	1	0	0	0	1280	720	0x80000	0x18002	0x43f	0x0	640	639.75	-360	360.25	-1	1	b43e461d505488c5	63c971f5e9d59913
55	0x2d0	0	5	4	triangle_list	1	12	0	12	4	0	0	killed_by_clip_or_cull	1	1	6	0	0	0x10001	0	0	1280	720	1	0	0	0	1280	720	0x80000	0x18002	0x43f	0x0	640	639.75	-360	360.25	-1	1	b43e461d505488c5	63c971f5e9d59913
56	0x2d0	0	5	4	triangle_list	1	18	0	18	6	0	0	killed_by_clip_or_cull	1	1	6	0	0	0x10001	0	0	1280	720	1	0	0	0	1280	720	0x80000	0x18002	0x43f	0x0	640	639.75	-360	360.25	-1	1	b43e461d505488c5	63c971f5e9d59913
57	0x2d0	0	5	4	triangle_list	1	24	0	24	8	0	0	killed_by_clip_or_cull	1	1	6	0	0	0x10001	0	0	1280	720	1	0	0	0	1280	720	0x80000	0x18002	0x43f	0x0	640	639.75	-360	360.25	-1	1	b43e461d505488c5	63c971f5e9d59913
58	0x2d0	0	5	4	triangle_list	1	27	0	27	9	2	0	rasterised_no_fragment	1	1	6	0	0	0x10001	0	0	1280	720	1	0	0	0	1280	720	0x80000	0x18002	0x43f	0x0	640	639.75	-360	360.25	-1	1	b43e461d505488c5	63c971f5e9d59913
59	0x2d0	0	5	4	triangle_list	1	6	0	6	2	0	0	killed_by_clip_or_cull	1	1	6	0	0	0x10001	0	0	1280	720	1	0	0	0	1280	720	0x80000	0x18002	0x43f	0x0	640	639.75	-360	360.25	-1	1	b43e461d505488c5	63c971f5e9d59913
60	0x2d0	0	5	4	triangle_list	1	12	0	12	4	0	0	killed_by_clip_or_cull	1	1	6	0	0	0x10001	0	0	1280	720	1	0	0	0	1280	720	0x80000	0x18002	0x43f	0x0	640	639.75	-360	360.25	-1	1	b43e461d505488c5	63c971f5e9d59913
61	0x2d0	0	5	4	triangle_list	1	33	0	33	11	0	0	killed_by_clip_or_cull	1	1	6	0	0	0x10001	0	0	1280	720	1	0	0	0	1280	720	0x80000	0x18002	0x43f	0x0	640	639.75	-360	360.25	-1	1	b43e461d505488c5	63c971f5e9d59913
62	0x2d0	0	5	4	triangle_list	1	12	0	12	4	0	0	killed_by_clip_or_cull	1	1	6	0	0	0x10001	0	0	1280	720	1	0	0	0	1280	720	0x80000	0x18002	0x43f	0x0	640	639.75	-360	360.25	-1	1	b43e461d505488c5	63c971f5e9d59913
63	0x2d0	0	5	4	triangle_list	1	6	0	6	2	0	0	killed_by_clip_or_cull	1	1	6	0	0	0x10001	0	0	1280	720	1	0	0	0	1280	720	0x80000	0x18002	0x43f	0x0	640	639.75	-360	360.25	-1	1	b43e461d505488c5	63c971f5e9d59913
64	0x2d0	0	5	4	triangle_list	1	9	0	9	3	0	0	killed_by_clip_or_cull	1	1	6	0	0	0x10001	0	0	1280	720	1	0	0	0	1280	720	0x80000	0x18002	0x43f	0x0	640	639.75	-360	360.25	-1	1	b43e461d505488c5	63c971f5e9d59913
65	0x2d0	0	5	4	triangle_list	1	6	0	6	2	0	0	killed_by_clip_or_cull	1	1	6	0	0	0x10001	0	0	1280	720	1	0	0	0	1280	720	0x80000	0x18002	0x43f	0x0	640	639.75	-360	360.25	-1	1	b43e461d505488c5	63c971f5e9d59913
66	0x2d0	0	5	4	triangle_list	1	54	0	54	18	0	0	killed_by_clip_or_cull	1	1	6	0	0	0x10001	0	0	1280	720	1	0	0	0	1280	720	0x80000	0x18002	0x43f	0x0	640	639.75	-360	360.25	-1	1	b43e461d505488c5	63c971f5e9d59913
67	0x2d0	0	5	4	triangle_list	1	375	0	375	125	0	0	killed_by_clip_or_cull	1	1	6	0	0	0x10001	0	0	1280	720	1	0	0	0	1280	720	0x80000	0x18002	0x43f	0x0	640	639.75	-360	360.25	-1	1	b43e461d505488c5	63c971f5e9d59913
68	0x2d0	0	5	4	triangle_list	1	24	0	24	8	0	0	killed_by_clip_or_cull	1	1	6	0	0	0x10001	0	0	1280	720	1	0	0	0	1280	720	0x80000	0x18002	0x43f	0x0	640	639.75	-360	360.25	-1	1	b43e461d505488c5	63c971f5e9d59913
69	0x2d0	0	5	4	triangle_list	1	78	0	78	26	0	0	killed_by_clip_or_cull	1	1	6	0	0	0x10001	0	0	1280	720	1	0	0	0	1280	720	0x80000	0x18002	0x43f	0x0	640	639.75	-360	360.25	-1	1	b43e461d505488c5	63c971f5e9d59913
70	0x2d0	0	5	4	triangle_list	1	42	0	42	14	0	0	killed_by_clip_or_cull	1	1	6	0	0	0x10001	0	0	1280	720	1	0	0	0	1280	720	0x80000	0x18002	0x43f	0x0	640	639.75	-360	360.25	-1	1	b43e461d505488c5	63c971f5e9d59913
71	0x2d0	0	5	4	triangle_list	1	9	0	9	3	0	0	killed_by_clip_or_cull	1	1	6	0	0	0x10001	0	0	1280	720	1	0	0	0	1280	720	0x80000	0x18002	0x43f	0x0	640	639.75	-360	360.25	-1	1	b43e461d505488c5	63c971f5e9d59913
72	0x2d0	0	5	4	triangle_list	1	18	0	18	6	0	0	killed_by_clip_or_cull	1	1	6	0	0	0x10001	0	0	1280	720	1	0	0	0	1280	720	0x80000	0x18002	0x43f	0x0	640	639.75	-360	360.25	-1	1	b43e461d505488c5	63c971f5e9d59913
73	0x2d0	0	5	4	triangle_list	1	12	0	12	4	0	0	killed_by_clip_or_cull	1	1	6	0	0	0x10001	0	0	1280	720	1	0	0	0	1280	720	0x80000	0x18002	0x43f	0x0	640	639.75	-360	360.25	-1	1	b43e461d505488c5	63c971f5e9d59913
74	0x2d0	0	5	4	triangle_list	1	18	0	18	6	0	0	killed_by_clip_or_cull	1	1	6	0	0	0x10001	0	0	1280	720	1	0	0	0	1280	720	0x80000	0x18002	0x43f	0x0	640	639.75	-360	360.25	-1	1	b43e461d505488c5	63c971f5e9d59913
75	0x2d0	0	5	4	triangle_list	1	6	0	6	2	0	0	killed_by_clip_or_cull	1	1	6	0	0	0x10001	0	0	1280	720	1	0	0	0	1280	720	0x80000	0x18002	0x43f	0x0	640	639.75	-360	360.25	-1	1	b43e461d505488c5	63c971f5e9d59913
76	0x2d0	0	5	4	triangle_list	1	15	0	15	5	0	0	killed_by_clip_or_cull	1	1	6	0	0	0x10001	0	0	1280	720	1	0	0	0	1280	720	0x80000	0x18002	0x43f	0x0	640	639.75	-360	360.25	-1	1	b43e461d505488c5	63c971f5e9d59913
77	0x2d0	0	5	4	triangle_list	1	42	0	42	14	0	0	killed_by_clip_or_cull	1	1	6	0	0	0x10001	0	0	1280	720	1	0	0	0	1280	720	0x80000	0x18002	0x43f	0x0	640	639.75	-360	360.25	-1	1	b43e461d505488c5	63c971f5e9d59913
78	0x2d0	0	5	4	triangle_list	1	6	0	6	2	0	0	killed_by_clip_or_cull	1	1	6	0	0	0x10001	0	0	1280	720	1	0	0	0	1280	720	0x80000	0x18002	0x43f	0x0	640	639.75	-360	360.25	-1	1	b43e461d505488c5	63c971f5e9d59913
79	0x2d0	0	5	4	triangle_list	1	162	0	162	54	0	0	killed_by_clip_or_cull	1	1	6	0	0	0x10001	0	0	1280	720	1	0	0	0	1280	720	0x80000	0x18002	0x43f	0x0	640	639.75	-360	360.25	-1	1	b43e461d505488c5	63c971f5e9d59913
80	0x2d0	0	5	4	triangle_list	1	12	0	12	4	0	0	killed_by_clip_or_cull	1	1	6	0	0	0x10001	0	0	1280	720	1	0	0	0	1280	720	0x80000	0x18002	0x43f	0x0	640	639.75	-360	360.25	-1	1	b43e461d505488c5	63c971f5e9d59913
81	0x2d0	0	5	4	triangle_list	1	6	0	6	2	0	0	killed_by_clip_or_cull	1	1	6	0	0	0x10001	0	0	1280	720	1	0	0	0	1280	720	0x80000	0x18002	0x43f	0x0	640	639.75	-360	360.25	-1	1	b43e461d505488c5	63c971f5e9d59913
82	0x2d0	0	5	4	triangle_list	1	15	0	15	5	0	0	killed_by_clip_or_cull	1	1	6	0	0	0x10001	0	0	1280	720	1	0	0	0	1280	720	0x80000	0x18002	0x43f	0x0	640	639.75	-360	360.25	-1	1	b43e461d505488c5	63c971f5e9d59913
83	0x2d0	0	5	4	triangle_list	1	6	0	6	2	0	0	killed_by_clip_or_cull	1	1	6	0	0	0x10001	0	0	1280	720	1	0	0	0	1280	720	0x80000	0x18002	0x43f	0x0	640	639.75	-360	360.25	-1	1	b43e461d505488c5	63c971f5e9d59913
84	0x2d0	0	5	4	triangle_list	1	12	0	12	4	0	0	killed_by_clip_or_cull	1	1	6	0	0	0x10001	0	0	1280	720	1	0	0	0	1280	720	0x80000	0x18002	0x43f	0x0	640	639.75	-360	360.25	-1	1	b43e461d505488c5	63c971f5e9d59913
85	0x2d0	0	5	4	triangle_list	1	39	0	39	13	0	0	killed_by_clip_or_cull	1	1	6	0	0	0x10001	0	0	1280	720	1	0	0	0	1280	720	0x80000	0x18002	0x43f	0x0	640	639.75	-360	360.25	-1	1	b43e461d505488c5	63c971f5e9d59913
86	0x2d0	0	5	4	triangle_list	1	57	0	57	19	0	0	killed_by_clip_or_cull	1	1	6	0	0	0x10001	0	0	1280	720	1	0	0	0	1280	720	0x80000	0x18002	0x43f	0x0	640	639.75	-360	360.25	-1	1	b43e461d505488c5	63c971f5e9d59913
87	0x2d0	0	5	4	triangle_list	1	15	0	15	5	0	0	killed_by_clip_or_cull	1	1	6	0	0	0x10001	0	0	1280	720	1	0	0	0	1280	720	0x80000	0x18002	0x43f	0x0	640	639.75	-360	360.25	-1	1	b43e461d505488c5	63c971f5e9d59913
88	0x2d0	0	5	4	triangle_list	1	60	0	60	20	0	0	killed_by_clip_or_cull	1	1	6	0	0	0x10001	0	0	1280	720	1	0	0	0	1280	720	0x80000	0x18002	0x43f	0x0	640	639.75	-360	360.25	-1	1	b43e461d505488c5	63c971f5e9d59913
89	0x2d0	0	5	4	triangle_list	1	12	0	12	4	0	0	killed_by_clip_or_cull	1	1	6	0	0	0x10001	0	0	1280	720	1	0	0	0	1280	720	0x80000	0x18002	0x43f	0x0	640	639.75	-360	360.25	-1	1	b43e461d505488c5	63c971f5e9d59913
90	0x2d0	0	5	4	triangle_list	1	96	0	96	32	0	0	killed_by_clip_or_cull	1	1	6	0	0	0x10001	0	0	1280	720	1	0	0	0	1280	720	0x80000	0x18002	0x43f	0x0	640	639.75	-360	360.25	-1	1	b43e461d505488c5	63c971f5e9d59913
91	0x2d0	0	5	4	triangle_list	1	24	0	24	8	0	0	killed_by_clip_or_cull	1	1	6	0	0	0x10001	0	0	1280	720	1	0	0	0	1280	720	0x80000	0x18002	0x43f	0x0	640	639.75	-360	360.25	-1	1	b43e461d505488c5	63c971f5e9d59913
92	0x2d0	0	5	4	triangle_list	1	39	0	39	13	0	0	killed_by_clip_or_cull	1	1	6	0	0	0x10001	0	0	1280	720	1	0	0	0	1280	720	0x80000	0x18002	0x43f	0x0	640	639.75	-360	360.25	-1	1	b43e461d505488c5	63c971f5e9d59913
93	0x2d0	0	5	4	triangle_list	1	12	0	12	4	0	0	killed_by_clip_or_cull	1	1	6	0	0	0x10001	0	0	1280	720	1	0	0	0	1280	720	0x80000	0x18002	0x43f	0x0	640	639.75	-360	360.25	-1	1	b43e461d505488c5	63c971f5e9d59913
94	0x2d0	0	5	4	triangle_list	1	33	0	33	11	0	0	killed_by_clip_or_cull	1	1	6	0	0	0x10001	0	0	1280	720	1	0	0	0	1280	720	0x80000	0x18002	0x43f	0x0	640	639.75	-360	360.25	-1	1	b43e461d505488c5	63c971f5e9d59913
95	0x2d0	0	5	4	triangle_list	1	144	0	144	48	0	0	killed_by_clip_or_cull	1	1	6	0	0	0x10001	0	0	1280	720	1	0	0	0	1280	720	0x80000	0x18002	0x43f	0x0	640	639.75	-360	360.25	-1	1	b43e461d505488c5	63c971f5e9d59913
96	0x2d0	0	5	4	triangle_list	1	12	0	12	4	0	0	killed_by_clip_or_cull	1	1	6	0	0	0x10001	0	0	1280	720	1	0	0	0	1280	720	0x80000	0x18002	0x43f	0x0	640	639.75	-360	360.25	-1	1	b43e461d505488c5	63c971f5e9d59913
97	0x2d0	0	5	4	triangle_list	1	6	0	6	2	0	0	killed_by_clip_or_cull	1	1	6	0	0	0x10001	0	0	1280	720	1	0	0	0	1280	720	0x80000	0x18002	0x43f	0x0	640	639.75	-360	360.25	-1	1	b43e461d505488c5	63c971f5e9d59913
98	0x2d0	0	5	4	triangle_list	1	6	0	6	2	0	0	killed_by_clip_or_cull	1	1	6	0	0	0x10001	0	0	1280	720	1	0	0	0	1280	720	0x80000	0x18002	0x43f	0x0	640	639.75	-360	360.25	-1	1	b43e461d505488c5	63c971f5e9d59913
99	0x2d0	0	5	4	triangle_list	1	24	0	24	8	0	0	killed_by_clip_or_cull	1	1	6	0	0	0x10001	0	0	1280	720	1	0	0	0	1280	720	0x80000	0x18002	0x43f	0x0	640	639.75	-360	360.25	-1	1	b43e461d505488c5	63c971f5e9d59913
100	0x2d0	0	5	4	triangle_list	1	729	0	729	243	0	0	killed_by_clip_or_cull	1	1	6	0	0	0x10001	0	0	1280	720	1	0	0	0	1280	720	0x80000	0x18002	0x43f	0x0	640	639.75	-360	360.25	-1	1	b43e461d505488c5	63c971f5e9d59913
101	0x2d0	0	5	4	triangle_list	1	45	0	45	15	0	0	killed_by_clip_or_cull	1	1	6	0	0	0x10001	0	0	1280	720	1	0	0	0	1280	720	0x80000	0x18002	0x43f	0x0	640	639.75	-360	360.25	-1	1	b43e461d505488c5	63c971f5e9d59913
102	0x2d0	0	5	4	triangle_list	1	48	0	48	16	0	0	killed_by_clip_or_cull	1	1	6	0	0	0x10001	0	0	1280	720	1	0	0	0	1280	720	0x80000	0x18002	0x43f	0x0	640	639.75	-360	360.25	-1	1	b43e461d505488c5	63c971f5e9d59913
103	0x2d0	0	5	4	triangle_list	1	24	0	24	8	0	0	killed_by_clip_or_cull	1	1	6	0	0	0x10001	0	0	1280	720	1	0	0	0	1280	720	0x80000	0x18002	0x43f	0x0	640	639.75	-360	360.25	-1	1	b43e461d505488c5	63c971f5e9d59913
104	0x2d0	0	5	4	triangle_list	1	9	0	9	3	0	0	killed_by_clip_or_cull	1	1	6	0	0	0x10001	0	0	1280	720	1	0	0	0	1280	720	0x80000	0x18002	0x43f	0x0	640	639.75	-360	360.25	-1	1	b43e461d505488c5	63c971f5e9d59913
105	0x2d0	0	5	4	triangle_list	1	30	0	30	10	3	0	rasterised_no_fragment	1	1	6	0	0	0x10001	0	0	1280	720	1	0	0	0	1280	720	0x80000	0x18002	0x43f	0x0	640	639.75	-360	360.25	-1	1	b43e461d505488c5	63c971f5e9d59913
106	0x2d0	0	5	4	triangle_list	1	177	0	177	59	3	0	rasterised_no_fragment	1	1	6	0	0	0x10001	0	0	1280	720	1	0	0	0	1280	720	0x80000	0x18002	0x43f	0x0	640	639.75	-360	360.25	-1	1	b43e461d505488c5	63c971f5e9d59913
107	0x2d0	0	5	4	triangle_list	1	126	0	126	42	0	0	killed_by_clip_or_cull	1	1	6	0	0	0x10001	0	0	1280	720	1	0	0	0	1280	720	0x80000	0x18002	0x43f	0x0	640	639.75	-360	360.25	-1	1	b43e461d505488c5	63c971f5e9d59913
108	0x2d0	0	5	4	triangle_list	1	42	0	42	14	0	0	killed_by_clip_or_cull	1	1	6	0	0	0x10001	0	0	1280	720	1	0	0	0	1280	720	0x80000	0x18002	0x43f	0x0	640	639.75	-360	360.25	-1	1	b43e461d505488c5	63c971f5e9d59913
109	0x2d0	0	5	4	triangle_list	1	21	0	21	7	0	0	killed_by_clip_or_cull	1	1	6	0	0	0x10001	0	0	1280	720	1	0	0	0	1280	720	0x80000	0x18002	0x43f	0x0	640	639.75	-360	360.25	-1	1	b43e461d505488c5	63c971f5e9d59913
110	0x2d0	0	5	4	triangle_list	1	18	0	18	6	0	0	killed_by_clip_or_cull	1	1	6	0	0	0x10001	0	0	1280	720	1	0	0	0	1280	720	0x80000	0x18002	0x43f	0x0	640	639.75	-360	360.25	-1	1	b43e461d505488c5	63c971f5e9d59913
111	0x2d0	0	5	4	triangle_list	1	48	0	48	16	0	0	killed_by_clip_or_cull	1	1	6	0	0	0x10001	0	0	1280	720	1	0	0	0	1280	720	0x80000	0x18002	0x43f	0x0	640	639.75	-360	360.25	-1	1	b43e461d505488c5	63c971f5e9d59913
112	0x2d0	0	5	4	triangle_list	1	120	0	120	40	0	0	killed_by_clip_or_cull	1	1	6	0	0	0x10001	0	0	1280	720	1	0	0	0	1280	720	0x80000	0x18002	0x43f	0x0	640	639.75	-360	360.25	-1	1	b43e461d505488c5	63c971f5e9d59913
113	0x2d0	0	5	4	triangle_list	1	15	0	15	5	0	0	killed_by_clip_or_cull	1	1	6	0	0	0x10001	0	0	1280	720	1	0	0	0	1280	720	0x80000	0x18002	0x43f	0x0	640	639.75	-360	360.25	-1	1	b43e461d505488c5	63c971f5e9d59913
114	0x2d0	0	5	4	triangle_list	1	30	0	30	10	2	0	rasterised_no_fragment	1	1	6	0	0	0x10001	0	0	1280	720	1	0	0	0	1280	720	0x80000	0x18002	0x43f	0x0	640	639.75	-360	360.25	-1	1	b43e461d505488c5	63c971f5e9d59913
115	0x2d0	0	5	4	triangle_list	1	51	0	51	17	0	0	killed_by_clip_or_cull	1	1	6	0	0	0x10001	0	0	1280	720	1	0	0	0	1280	720	0x80000	0x18002	0x43f	0x0	640	639.75	-360	360.25	-1	1	b43e461d505488c5	63c971f5e9d59913
116	0x2d0	0	5	4	triangle_list	1	6	0	6	2	0	0	killed_by_clip_or_cull	1	1	6	0	0	0x10001	0	0	1280	720	1	0	0	0	1280	720	0x80000	0x18002	0x43f	0x0	640	639.75	-360	360.25	-1	1	b43e461d505488c5	63c971f5e9d59913
117	0x2d0	0	5	4	triangle_list	1	12	0	12	4	0	0	killed_by_clip_or_cull	1	1	6	0	0	0x10001	0	0	1280	720	1	0	0	0	1280	720	0x80000	0x18002	0x43f	0x0	640	639.75	-360	360.25	-1	1	b43e461d505488c5	63c971f5e9d59913
118	0x2d0	0	5	4	triangle_list	1	153	0	153	51	0	0	killed_by_clip_or_cull	1	1	6	0	0	0x10001	0	0	1280	720	1	0	0	0	1280	720	0x80000	0x18002	0x43f	0x0	640	639.75	-360	360.25	-1	1	b43e461d505488c5	63c971f5e9d59913
119	0x2d0	0	5	4	triangle_list	1	12	0	12	4	0	0	killed_by_clip_or_cull	1	1	6	0	0	0x10001	0	0	1280	720	1	0	0	0	1280	720	0x80000	0x18002	0x43f	0x0	640	639.75	-360	360.25	-1	1	b43e461d505488c5	63c971f5e9d59913
120	0x2d0	0	5	4	triangle_list	1	60	0	60	20	0	0	killed_by_clip_or_cull	1	1	6	0	0	0x10001	0	0	1280	720	1	0	0	0	1280	720	0x80000	0x18002	0x43f	0x0	640	639.75	-360	360.25	-1	1	b43e461d505488c5	63c971f5e9d59913
121	0x2d0	0	5	4	triangle_list	1	129	0	129	43	0	0	killed_by_clip_or_cull	1	1	6	0	0	0x10001	0	0	1280	720	1	0	0	0	1280	720	0x80000	0x18002	0x43f	0x0	640	639.75	-360	360.25	-1	1	b43e461d505488c5	63c971f5e9d59913
122	0x2d0	0	5	4	triangle_list	1	18	0	18	6	0	0	killed_by_clip_or_cull	1	1	6	0	0	0x10001	0	0	1280	720	1	0	0	0	1280	720	0x80000	0x18002	0x43f	0x0	640	639.75	-360	360.25	-1	1	b43e461d505488c5	63c971f5e9d59913
123	0x2d0	0	5	4	triangle_list	1	6	0	6	2	0	0	killed_by_clip_or_cull	1	1	6	0	0	0x10001	0	0	1280	720	1	0	0	0	1280	720	0x80000	0x18002	0x43f	0x0	640	639.75	-360	360.25	-1	1	b43e461d505488c5	63c971f5e9d59913
124	0x2d0	0	5	4	triangle_list	1	33	0	33	11	0	0	killed_by_clip_or_cull	1	1	6	0	0	0x10001	0	0	1280	720	1	0	0	0	1280	720	0x80000	0x18002	0x43f	0x0	640	639.75	-360	360.25	-1	1	b43e461d505488c5	63c971f5e9d59913
125	0x2d0	0	5	4	triangle_list	1	72	0	72	24	0	0	killed_by_clip_or_cull	1	1	6	0	0	0x10001	0	0	1280	720	1	0	0	0	1280	720	0x80000	0x18002	0x43f	0x0	640	639.75	-360	360.25	-1	1	b43e461d505488c5	63c971f5e9d59913
126	0x2d0	0	5	4	triangle_list	1	18	0	18	6	0	0	killed_by_clip_or_cull	1	1	6	0	0	0x10001	0	0	1280	720	1	0	0	0	1280	720	0x80000	0x18002	0x43f	0x0	640	639.75	-360	360.25	-1	1	b43e461d505488c5	63c971f5e9d59913
127	0x2d0	0	5	4	triangle_list	1	6	0	6	2	0	0	killed_by_clip_or_cull	1	1	6	0	0	0x10001	0	0	1280	720	1	0	0	0	1280	720	0x80000	0x18002	0x43f	0x0	640	639.75	-360	360.25	-1	1	b43e461d505488c5	63c971f5e9d59913
128	0x2d0	0	5	4	triangle_list	1	6	0	6	2	0	0	killed_by_clip_or_cull	1	1	6	0	0	0x10001	0	0	1280	720	1	0	0	0	1280	720	0x80000	0x18002	0x43f	0x0	640	639.75	-360	360.25	-1	1	b43e461d505488c5	63c971f5e9d59913
129	0x2d0	0	5	4	triangle_list	1	96	0	96	32	0	0	killed_by_clip_or_cull	1	1	6	0	0	0x10001	0	0	1280	720	1	0	0	0	1280	720	0x80000	0x18002	0x43f	0x0	640	639.75	-360	360.25	-1	1	b43e461d505488c5	63c971f5e9d59913
130	0x2d0	0	5	4	triangle_list	1	6	0	6	2	0	0	killed_by_clip_or_cull	1	1	6	0	0	0x10001	0	0	1280	720	1	0	0	0	1280	720	0x80000	0x18002	0x43f	0x0	640	639.75	-360	360.25	-1	1	b43e461d505488c5	63c971f5e9d59913
131	0x2d0	0	5	4	triangle_list	1	6	0	6	2	0	0	killed_by_clip_or_cull	1	1	6	0	0	0x10001	0	0	1280	720	1	0	0	0	1280	720	0x80000	0x18002	0x43f	0x0	640	639.75	-360	360.25	-1	1	b43e461d505488c5	63c971f5e9d59913
132	0x2d0	0	5	4	triangle_list	1	6	0	6	2	0	0	killed_by_clip_or_cull	1	1	6	0	0	0x10001	0	0	1280	720	1	0	0	0	1280	720	0x80000	0x18002	0x43f	0x0	640	639.75	-360	360.25	-1	1	b43e461d505488c5	63c971f5e9d59913
133	0x2d0	0	5	4	triangle_list	1	15	0	15	5	0	0	killed_by_clip_or_cull	1	1	6	0	0	0x10001	0	0	1280	720	1	0	0	0	1280	720	0x80000	0x18002	0x43f	0x0	640	639.75	-360	360.25	-1	1	b43e461d505488c5	63c971f5e9d59913
134	0x2d0	0	5	4	triangle_list	1	72	0	72	24	0	0	killed_by_clip_or_cull	1	1	6	0	0	0x10001	0	0	1280	720	1	0	0	0	1280	720	0x80000	0x18002	0x43f	0x0	640	639.75	-360	360.25	-1	1	b43e461d505488c5	63c971f5e9d59913
135	0x2d0	0	5	4	triangle_list	1	45	0	45	15	0	0	killed_by_clip_or_cull	1	1	6	0	0	0x10001	0	0	1280	720	1	0	0	0	1280	720	0x80000	0x18002	0x43f	0x0	640	639.75	-360	360.25	-1	1	b43e461d505488c5	63c971f5e9d59913
136	0x2d0	0	5	4	triangle_list	1	78	0	78	26	0	0	killed_by_clip_or_cull	1	1	6	0	0	0x10001	0	0	1280	720	1	0	0	0	1280	720	0x80000	0x18002	0x43f	0x0	640	639.75	-360	360.25	-1	1	b43e461d505488c5	63c971f5e9d59913
137	0x2d0	0	5	4	triangle_list	1	33	0	33	11	0	0	killed_by_clip_or_cull	1	1	6	0	0	0x10001	0	0	1280	720	1	0	0	0	1280	720	0x80000	0x18002	0x43f	0x0	640	639.75	-360	360.25	-1	1	b43e461d505488c5	63c971f5e9d59913
138	0x2d0	0	5	4	triangle_list	1	33	0	33	11	0	0	killed_by_clip_or_cull	1	1	6	0	0	0x10001	0	0	1280	720	1	0	0	0	1280	720	0x80000	0x18002	0x43f	0x0	640	639.75	-360	360.25	-1	1	b43e461d505488c5	63c971f5e9d59913
139	0x2d0	0	5	4	triangle_list	1	12	0	12	4	0	0	killed_by_clip_or_cull	1	1	6	0	0	0x10001	0	0	1280	720	1	0	0	0	1280	720	0x80000	0x18002	0x43f	0x0	640	639.75	-360	360.25	-1	1	b43e461d505488c5	63c971f5e9d59913
140	0x2d0	0	5	4	triangle_list	1	6	0	6	2	0	0	killed_by_clip_or_cull	1	1	6	0	0	0x10001	0	0	1280	720	1	0	0	0	1280	720	0x80000	0x18002	0x43f	0x0	640	639.75	-360	360.25	-1	1	b43e461d505488c5	63c971f5e9d59913
141	0x2d0	0	5	4	triangle_list	1	24	0	24	8	0	0	killed_by_clip_or_cull	1	1	6	0	0	0x10001	0	0	1280	720	1	0	0	0	1280	720	0x80000	0x18002	0x43f	0x0	640	639.75	-360	360.25	-1	1	b43e461d505488c5	63c971f5e9d59913
142	0x2d0	0	5	4	triangle_list	1	69	0	69	23	0	0	killed_by_clip_or_cull	1	1	6	0	0	0x10001	0	0	1280	720	1	0	0	0	1280	720	0x80000	0x18002	0x43f	0x0	640	639.75	-360	360.25	-1	1	b43e461d505488c5	63c971f5e9d59913
143	0x2d0	0	5	4	triangle_list	1	24	0	24	8	0	0	killed_by_clip_or_cull	1	1	6	0	0	0x10001	0	0	1280	720	1	0	0	0	1280	720	0x80000	0x18002	0x43f	0x0	640	639.75	-360	360.25	-1	1	b43e461d505488c5	63c971f5e9d59913
144	0x2d0	0	5	4	triangle_list	1	189	0	189	63	0	0	killed_by_clip_or_cull	1	1	6	0	0	0x10001	0	0	1280	720	1	0	0	0	1280	720	0x80000	0x18002	0x43f	0x0	640	639.75	-360	360.25	-1	1	b43e461d505488c5	63c971f5e9d59913
145	0x2d0	0	5	4	triangle_list	1	39	0	39	13	0	0	killed_by_clip_or_cull	1	1	6	0	0	0x10001	0	0	1280	720	1	0	0	0	1280	720	0x80000	0x18002	0x43f	0x0	640	639.75	-360	360.25	-1	1	b43e461d505488c5	63c971f5e9d59913
146	0x2d0	0	5	4	triangle_list	1	207	0	207	69	0	0	killed_by_clip_or_cull	1	1	6	0	0	0x10001	0	0	1280	720	1	0	0	0	1280	720	0x80000	0x18002	0x43f	0x0	640	639.75	-360	360.25	-1	1	b43e461d505488c5	63c971f5e9d59913
147	0x2d0	0	5	4	triangle_list	1	108	0	108	36	0	0	killed_by_clip_or_cull	1	1	6	0	0	0x10001	0	0	1280	720	1	0	0	0	1280	720	0x80000	0x18002	0x43f	0x0	640	639.75	-360	360.25	-1	1	b43e461d505488c5	63c971f5e9d59913
148	0x2d0	0	5	4	triangle_list	1	6	0	6	2	0	0	killed_by_clip_or_cull	1	1	6	0	0	0x10001	0	0	1280	720	1	0	0	0	1280	720	0x80000	0x18002	0x43f	0x0	640	639.75	-360	360.25	-1	1	b43e461d505488c5	63c971f5e9d59913
149	0x2d0	0	5	4	triangle_list	1	27	0	27	9	0	0	killed_by_clip_or_cull	1	1	6	0	0	0x10001	0	0	1280	720	1	0	0	0	1280	720	0x80000	0x18002	0x43f	0x0	640	639.75	-360	360.25	-1	1	b43e461d505488c5	63c971f5e9d59913
150	0x2d0	0	5	4	triangle_list	1	24	0	24	8	0	0	killed_by_clip_or_cull	1	1	6	0	0	0x10001	0	0	1280	720	1	0	0	0	1280	720	0x80000	0x18002	0x43f	0x0	640	639.75	-360	360.25	-1	1	b43e461d505488c5	63c971f5e9d59913
151	0x2d0	0	5	4	triangle_list	1	21	0	21	7	0	0	killed_by_clip_or_cull	1	1	6	0	0	0x10001	0	0	1280	720	1	0	0	0	1280	720	0x80000	0x18002	0x43f	0x0	640	639.75	-360	360.25	-1	1	b43e461d505488c5	63c971f5e9d59913
152	0x2d0	0	5	4	triangle_list	1	6	0	6	2	0	0	killed_by_clip_or_cull	1	1	6	0	0	0x10001	0	0	1280	720	1	0	0	0	1280	720	0x80000	0x18002	0x43f	0x0	640	639.75	-360	360.25	-1	1	b43e461d505488c5	63c971f5e9d59913
153	0x2d0	0	5	4	triangle_list	1	111	0	111	37	0	0	killed_by_clip_or_cull	1	1	6	0	0	0x10001	0	0	1280	720	1	0	0	0	1280	720	0x80000	0x18002	0x43f	0x0	640	639.75	-360	360.25	-1	1	b43e461d505488c5	63c971f5e9d59913
154	0x2d0	0	5	4	triangle_list	1	6	0	6	2	0	0	killed_by_clip_or_cull	1	1	6	0	0	0x10001	0	0	1280	720	1	0	0	0	1280	720	0x80000	0x18002	0x43f	0x0	640	639.75	-360	360.25	-1	1	b43e461d505488c5	63c971f5e9d59913
155	0x2d0	0	5	4	triangle_list	1	6	0	6	2	0	0	killed_by_clip_or_cull	1	1	6	0	0	0x10001	0	0	1280	720	1	0	0	0	1280	720	0x80000	0x18002	0x43f	0x0	640	639.75	-360	360.25	-1	1	b43e461d505488c5	63c971f5e9d59913
156	0x2d0	0	5	4	triangle_list	1	12	0	12	4	0	0	killed_by_clip_or_cull	1	1	6	0	0	0x10001	0	0	1280	720	1	0	0	0	1280	720	0x80000	0x18002	0x43f	0x0	640	639.75	-360	360.25	-1	1	b43e461d505488c5	63c971f5e9d59913
157	0x2d0	0	5	4	triangle_list	1	6	0	6	2	0	0	killed_by_clip_or_cull	1	1	6	0	0	0x10001	0	0	1280	720	1	0	0	0	1280	720	0x80000	0x18002	0x43f	0x0	640	639.75	-360	360.25	-1	1	b43e461d505488c5	63c971f5e9d59913
158	0x2d0	0	5	4	triangle_list	1	852	0	852	284	0	0	killed_by_clip_or_cull	1	1	6	0	0	0x10001	0	0	1280	720	1	0	0	0	1280	720	0x80000	0x18002	0x43f	0x0	640	639.75	-360	360.25	-1	1	330603173ed375c	63c971f5e9d59913
159	0x2d0	0	5	4	triangle_list	1	3372	0	3372	1124	17	0	rasterised_no_fragment	1	1	6	0	0	0x10001	0	0	1280	720	1	0	0	0	1280	720	0x80000	0x18002	0x43f	0x0	640	639.75	-360	360.25	-1	1	1de980489001aaa8	63c971f5e9d59913
160	0x2d0	0	5	4	triangle_list	1	3372	0	3372	1124	46	0	rasterised_no_fragment	1	1	6	0	0	0x10001	0	0	1280	720	1	0	0	0	1280	720	0x80000	0x18002	0x43f	0x0	640	639.75	-360	360.25	-1	1	1de980489001aaa8	63c971f5e9d59913
161	0x2d0	0	5	4	triangle_list	1	6	0	6	2	0	0	killed_by_clip_or_cull	1	1	6	0	0	0x10001	0	0	1280	720	1	0	0	0	1280	720	0x80000	0x18002	0x43f	0x0	640	639.75	-360	360.25	-1	1	330603173ed375c	63c971f5e9d59913
162	0x2d0	0	5	4	triangle_list	1	6	0	6	2	0	0	killed_by_clip_or_cull	1	1	6	0	0	0x10001	0	0	1280	720	1	0	0	0	1280	720	0x80000	0x18002	0x43f	0x0	640	639.75	-360	360.25	-1	1	330603173ed375c	63c971f5e9d59913
163	0x2d0	0	5	4	triangle_list	1	6	0	6	2	0	0	killed_by_clip_or_cull	1	1	6	0	0	0x10001	0	0	1280	720	1	0	0	0	1280	720	0x80000	0x18002	0x43f	0x0	640	639.75	-360	360.25	-1	1	330603173ed375c	63c971f5e9d59913
164	0x2d0	0	5	4	triangle_list	1	6	0	6	2	0	0	killed_by_clip_or_cull	1	1	6	0	0	0x10001	0	0	1280	720	1	0	0	0	1280	720	0x80000	0x18002	0x43f	0x0	640	639.75	-360	360.25	-1	1	330603173ed375c	63c971f5e9d59913
165	0x2d0	0	5	4	triangle_list	1	6	0	6	2	0	0	killed_by_clip_or_cull	1	1	6	0	0	0x10001	0	0	1280	720	1	0	0	0	1280	720	0x80000	0x18002	0x43f	0x0	640	639.75	-360	360.25	-1	1	330603173ed375c	63c971f5e9d59913
166	0x2d0	0	5	4	triangle_list	1	6	0	6	2	0	0	killed_by_clip_or_cull	1	1	6	0	0	0x10001	0	0	1280	720	1	0	0	0	1280	720	0x80000	0x18002	0x43f	0x0	640	639.75	-360	360.25	-1	1	330603173ed375c	63c971f5e9d59913
167	0x2d0	0	5	4	triangle_list	1	6	0	6	2	0	0	killed_by_clip_or_cull	1	1	6	0	0	0x10001	0	0	1280	720	1	0	0	0	1280	720	0x80000	0x18002	0x43f	0x0	640	639.75	-360	360.25	-1	1	330603173ed375c	63c971f5e9d59913
168	0x2d0	0	5	4	triangle_list	1	6	0	6	2	0	0	killed_by_clip_or_cull	1	1	6	0	0	0x10001	0	0	1280	720	1	0	0	0	1280	720	0x80000	0x18002	0x43f	0x0	640	639.75	-360	360.25	-1	1	330603173ed375c	63c971f5e9d59913
169	0x2d0	0	5	4	triangle_list	1	6	0	6	2	0	0	killed_by_clip_or_cull	1	1	6	0	0	0x10001	0	0	1280	720	1	0	0	0	1280	720	0x80000	0x18002	0x43f	0x0	640	639.75	-360	360.25	-1	1	330603173ed375c	63c971f5e9d59913
170	0x2d0	0	5	4	triangle_list	1	6	0	6	2	0	0	killed_by_clip_or_cull	1	1	6	0	0	0x10001	0	0	1280	720	1	0	0	0	1280	720	0x80000	0x18002	0x43f	0x0	640	639.75	-360	360.25	-1	1	330603173ed375c	63c971f5e9d59913
171	0x2d0	0	5	4	triangle_list	1	6	0	6	2	0	0	killed_by_clip_or_cull	1	1	6	0	0	0x10001	0	0	1280	720	1	0	0	0	1280	720	0x80000	0x18002	0x43f	0x0	640	639.75	-360	360.25	-1	1	330603173ed375c	63c971f5e9d59913
172	0x2d0	0	5	4	triangle_list	1	6	0	6	2	0	0	killed_by_clip_or_cull	1	1	6	0	0	0x10001	0	0	1280	720	1	0	0	0	1280	720	0x80000	0x18002	0x43f	0x0	640	639.75	-360	360.25	-1	1	330603173ed375c	63c971f5e9d59913
173	0x2d0	0	5	4	triangle_list	1	6	0	6	2	0	0	killed_by_clip_or_cull	1	1	6	0	0	0x10001	0	0	1280	720	1	0	0	0	1280	720	0x80000	0x18002	0x43f	0x0	640	639.75	-360	360.25	-1	1	330603173ed375c	63c971f5e9d59913
174	0x2d0	0	5	4	triangle_list	1	6	0	6	2	0	0	killed_by_clip_or_cull	1	1	6	0	0	0x10001	0	0	1280	720	1	0	0	0	1280	720	0x80000	0x18002	0x43f	0x0	640	639.75	-360	360.25	-1	1	330603173ed375c	63c971f5e9d59913
175	0x2d0	0	5	4	triangle_list	1	948	0	948	316	10	0	rasterised_no_fragment	1	1	6	0	0	0x10001	0	0	1280	720	1	0	0	0	1280	720	0x80000	0x18002	0x43f	0x0	640	639.75	-360	360.25	-1	1	330603173ed375c	63c971f5e9d59913
176	0x2d0	0	5	4	triangle_list	1	6906	0	6906	2302	12	0	rasterised_no_fragment	1	1	6	0	0	0x10001	0	0	1280	720	1	0	0	0	1280	720	0x80000	0x18002	0x43f	0x0	640	639.75	-360	360.25	-1	1	1de980489001aaa8	63c971f5e9d59913
177	0x2d0	0	5	4	triangle_list	1	6906	0	6906	2302	468	0	rasterised_no_fragment	1	1	6	0	0	0x10001	0	0	1280	720	1	0	0	0	1280	720	0x80000	0x18002	0x43f	0x0	640	639.75	-360	360.25	-1	1	1de980489001aaa8	63c971f5e9d59913
178	0x2d0	0	5	4	triangle_list	1	6906	0	6906	2302	81	0	rasterised_no_fragment	1	1	6	0	0	0x10001	0	0	1280	720	1	0	0	0	1280	720	0x80000	0x18002	0x43f	0x0	640	639.75	-360	360.25	-1	1	1de980489001aaa8	63c971f5e9d59913
179	0x2d0	0	5	4	triangle_list	1	804	0	804	268	7	0	rasterised_no_fragment	1	1	6	0	0	0x10001	0	0	1280	720	1	0	0	0	1280	720	0x80000	0x18002	0x43f	0x0	640	639.75	-360	360.25	-1	1	1de980489001aaa8	63c971f5e9d59913
180	0x2d0	0	5	4	triangle_list	1	342	0	342	114	0	0	killed_by_clip_or_cull	1	1	6	0	0	0x10001	0	0	1280	720	1	0	0	0	1280	720	0x80000	0x18002	0x43f	0x0	640	639.75	-360	360.25	-1	1	1de980489001aaa8	63c971f5e9d59913
181	0x2d0	0	5	4	triangle_list	1	804	0	804	268	0	0	killed_by_clip_or_cull	1	1	6	0	0	0x10001	0	0	1280	720	1	0	0	0	1280	720	0x80000	0x18002	0x43f	0x0	640	639.75	-360	360.25	-1	1	1de980489001aaa8	63c971f5e9d59913
182	0x2d0	0	5	4	triangle_list	1	342	0	342	114	0	0	killed_by_clip_or_cull	1	1	6	0	0	0x10001	0	0	1280	720	1	0	0	0	1280	720	0x80000	0x18002	0x43f	0x0	640	639.75	-360	360.25	-1	1	1de980489001aaa8	63c971f5e9d59913
183	0x2d0	0	5	4	triangle_list	1	804	0	804	268	0	0	killed_by_clip_or_cull	1	1	6	0	0	0x10001	0	0	1280	720	1	0	0	0	1280	720	0x80000	0x18002	0x43f	0x0	640	639.75	-360	360.25	-1	1	1de980489001aaa8	63c971f5e9d59913
184	0x2d0	0	5	4	triangle_list	1	342	0	342	114	0	0	killed_by_clip_or_cull	1	1	6	0	0	0x10001	0	0	1280	720	1	0	0	0	1280	720	0x80000	0x18002	0x43f	0x0	640	639.75	-360	360.25	-1	1	1de980489001aaa8	63c971f5e9d59913
185	0x2d0	0	5	4	triangle_list	1	804	0	804	268	0	0	killed_by_clip_or_cull	1	1	6	0	0	0x10001	0	0	1280	720	1	0	0	0	1280	720	0x80000	0x18002	0x43f	0x0	640	639.75	-360	360.25	-1	1	1de980489001aaa8	63c971f5e9d59913
186	0x2d0	0	5	4	triangle_list	1	342	0	342	114	0	0	killed_by_clip_or_cull	1	1	6	0	0	0x10001	0	0	1280	720	1	0	0	0	1280	720	0x80000	0x18002	0x43f	0x0	640	639.75	-360	360.25	-1	1	1de980489001aaa8	63c971f5e9d59913
187	0x2d0	0	5	4	triangle_list	1	36	0	36	12	12	0	rasterised_no_fragment	1	0	6	0	0	0x10001	0	0	1280	720	1	0	0	0	1280	720	0x80000	0x18002	0x43f	0x0	640	639.75	-360	360.25	-1	1	a2d5065b44bc44e3	63c971f5e9d59913
188	0x2d0	0	5	4	triangle_list	1	36	0	36	12	14	0	rasterised_no_fragment	1	0	6	0	0	0x10001	0	0	1280	720	1	0	0	0	1280	720	0x80000	0x18002	0x43f	0x0	640	639.75	-360	360.25	-1	1	a2d5065b44bc44e3	63c971f5e9d59913
189	0x2d0	0	5	4	triangle_list	1	36	0	36	12	5	0	rasterised_no_fragment	1	0	6	0	0	0x10001	0	0	1280	720	1	0	0	0	1280	720	0x80000	0x18002	0x43f	0x0	640	639.75	-360	360.25	-1	1	a2d5065b44bc44e3	63c971f5e9d59913
190	0x2d0	0	5	4	triangle_list	1	36	0	36	12	0	0	killed_by_clip_or_cull	1	0	6	0	0	0x10001	0	0	1280	720	1	0	0	0	1280	720	0x80000	0x18002	0x43f	0x0	640	639.75	-360	360.25	-1	1	a2d5065b44bc44e3	63c971f5e9d59913
191	0x2d0	0	5	4	triangle_list	1	36	0	36	12	10	0	rasterised_no_fragment	1	0	6	0	0	0x10001	0	0	1280	720	1	0	0	0	1280	720	0x80000	0x18002	0x43f	0x0	640	639.75	-360	360.25	-1	1	a2d5065b44bc44e3	63c971f5e9d59913
192	0x2d0	0	5	4	triangle_list	1	36	0	36	12	12	0	rasterised_no_fragment	1	0	6	0	0	0x10001	0	0	1280	720	1	0	0	0	1280	720	0x80000	0x18002	0x43f	0x0	640	639.75	-360	360.25	-1	1	a2d5065b44bc44e3	63c971f5e9d59913
193	0x2d0	0	5	4	triangle_list	1	36	0	36	12	10	0	rasterised_no_fragment	1	0	6	0	0	0x10001	0	0	1280	720	1	0	0	0	1280	720	0x80000	0x18002	0x43f	0x0	640	639.75	-360	360.25	-1	1	a2d5065b44bc44e3	63c971f5e9d59913
194	0x2d0	0	5	4	triangle_list	1	36	0	36	12	10	0	rasterised_no_fragment	1	0	6	0	0	0x10001	0	0	1280	720	1	0	0	0	1280	720	0x80000	0x18002	0x43f	0x0	640	639.75	-360	360.25	-1	1	a2d5065b44bc44e3	63c971f5e9d59913
195	0x2d0	0	5	4	triangle_list	1	36	0	36	12	12	0	rasterised_no_fragment	1	0	6	0	0	0x10001	0	0	1280	720	1	0	0	0	1280	720	0x80000	0x18002	0x43f	0x0	640	639.75	-360	360.25	-1	1	a2d5065b44bc44e3	63c971f5e9d59913
196	0x2d0	0	5	4	triangle_list	1	36	0	36	12	10	0	rasterised_no_fragment	1	0	6	0	0	0x10001	0	0	1280	720	1	0	0	0	1280	720	0x80000	0x18002	0x43f	0x0	640	639.75	-360	360.25	-1	1	a2d5065b44bc44e3	63c971f5e9d59913
197	0x2d0	0	5	4	triangle_list	1	36	0	36	12	10	0	rasterised_no_fragment	1	0	6	0	0	0x10001	0	0	1280	720	1	0	0	0	1280	720	0x80000	0x18002	0x43f	0x0	640	639.75	-360	360.25	-1	1	a2d5065b44bc44e3	63c971f5e9d59913
198	0x2d0	0	5	4	triangle_list	1	36	0	36	12	12	0	rasterised_no_fragment	1	0	6	0	0	0x10001	0	0	1280	720	1	0	0	0	1280	720	0x80000	0x18002	0x43f	0x0	640	639.75	-360	360.25	-1	1	a2d5065b44bc44e3	63c971f5e9d59913
199	0x2d0	0	5	4	triangle_list	1	36	0	36	12	10	0	rasterised_no_fragment	1	0	6	0	0	0x10001	0	0	1280	720	1	0	0	0	1280	720	0x80000	0x18002	0x43f	0x0	640	639.75	-360	360.25	-1	1	a2d5065b44bc44e3	63c971f5e9d59913
200	0x2d0	0	5	4	triangle_list	1	36	0	36	12	10	0	rasterised_no_fragment	1	0	6	0	0	0x10001	0	0	1280	720	1	0	0	0	1280	720	0x80000	0x18002	0x43f	0x0	640	639.75	-360	360.25	-1	1	a2d5065b44bc44e3	63c971f5e9d59913
201	0x2d0	0	5	4	triangle_list	1	288	0	288	96	28	0	rasterised_no_fragment	1	0	6	0	0	0x10001	0	0	1280	720	1	0	0	0	1280	720	0x80000	0x18002	0x43f	0x0	640	639.75	-360	360.25	-1	1	a2d5065b44bc44e3	63c971f5e9d59913
202	0x2d0	0	5	4	triangle_list	1	288	0	288	96	25	0	rasterised_no_fragment	1	0	6	0	0	0x10001	0	0	1280	720	1	0	0	0	1280	720	0x80000	0x18002	0x43f	0x0	640	639.75	-360	360.25	-1	1	a2d5065b44bc44e3	63c971f5e9d59913
203	0x2d0	0	5	4	triangle_list	1	288	0	288	96	35	0	rasterised_no_fragment	1	0	6	0	0	0x10001	0	0	1280	720	1	0	0	0	1280	720	0x80000	0x18002	0x43f	0x0	640	639.75	-360	360.25	-1	1	a2d5065b44bc44e3	63c971f5e9d59913
204	0x2d0	0	5	4	triangle_list	1	288	0	288	96	43	0	rasterised_no_fragment	1	0	6	0	0	0x10001	0	0	1280	720	1	0	0	0	1280	720	0x80000	0x18002	0x43f	0x0	640	639.75	-360	360.25	-1	1	a2d5065b44bc44e3	63c971f5e9d59913
205	0x2d0	0	5	4	triangle_list	1	36	0	36	12	12	0	rasterised_no_fragment	1	0	6	0	0	0x10001	0	0	1280	720	1	0	0	0	1280	720	0x80000	0x18002	0x43f	0x0	640	639.75	-360	360.25	-1	1	a2d5065b44bc44e3	63c971f5e9d59913
206	0x2d0	0	5	4	triangle_list	1	36	0	36	12	11	0	rasterised_no_fragment	1	0	6	0	0	0x10001	0	0	1280	720	1	0	0	0	1280	720	0x80000	0x18002	0x43f	0x0	640	639.75	-360	360.25	-1	1	a2d5065b44bc44e3	63c971f5e9d59913
207	0x2d0	0	5	4	triangle_list	1	36	0	36	12	9	0	rasterised_no_fragment	1	0	6	0	0	0x10001	0	0	1280	720	1	0	0	0	1280	720	0x80000	0x18002	0x43f	0x0	640	639.75	-360	360.25	-1	1	a2d5065b44bc44e3	63c971f5e9d59913
208	0x2d0	0	5	4	triangle_list	1	36	0	36	12	4	0	rasterised_no_fragment	1	0	6	0	0	0x10001	0	0	1280	720	1	0	0	0	1280	720	0x80000	0x18002	0x43f	0x0	640	639.75	-360	360.25	-1	1	a2d5065b44bc44e3	63c971f5e9d59913
209	0x2d0	0	5	4	triangle_list	1	36	0	36	12	12	0	rasterised_no_fragment	1	0	6	0	0	0x10001	0	0	1280	720	1	0	0	0	1280	720	0x80000	0x18002	0x43f	0x0	640	639.75	-360	360.25	-1	1	a2d5065b44bc44e3	63c971f5e9d59913
210	0x2d0	0	5	4	triangle_list	1	216	0	216	72	17	0	rasterised_no_fragment	1	0	6	0	0	0x10001	0	0	1280	720	1	0	0	0	1280	720	0x80000	0x18002	0x43f	0x0	640	639.75	-360	360.25	-1	1	a2d5065b44bc44e3	63c971f5e9d59913
211	0x400	3	5	8	rectangle_list	0	3	0	3	1	0	0	killed_by_clip_or_cull	1	1	7	15	0	0x10001	0	0	1280	720	0	1	0	0	640	720	0x10000	0x10000	0x300	0x0	640	639.75	-360	360.25	1	0	760aacf6212e632c	63c971f5e9d59913
212	0x400	3	4	4	triangle_list	1	18	1	18	6	0	0	killed_by_clip_or_cull	1	1	6	15	0	0x10001	0	0	1280	720	1	0	0	0	1280	512	0x80000	0x18002	0x43f	0x0	640	639.75	-360	360.25	-1	1	18d0f3e8256b1f6d	e5d37644aefeed94
213	0x400	3	4	4	triangle_list	1	180	1	180	60	1	0	rasterised_no_fragment	1	1	6	15	0	0x10001	0	0	1280	720	1	0	0	0	1280	512	0x80000	0x18002	0x43f	0x0	640	639.75	-360	360.25	-1	1	58a257ea3c7add47	a13e3d98eab55ef1
214	0x400	3	4	4	triangle_list	1	96	1	96	32	1	0	rasterised_no_fragment	1	1	6	15	0	0x10001	0	0	1280	720	1	0	0	0	1280	512	0x80000	0x18002	0x43f	0x0	640	639.75	-360	360.25	-1	1	58a257ea3c7add47	a13e3d98eab55ef1
215	0x400	3	4	4	triangle_list	1	72	1	72	24	0	0	killed_by_clip_or_cull	1	1	6	15	0	0x10001	0	0	1280	720	1	0	0	0	1280	512	0x80000	0x18002	0x43f	0x0	640	639.75	-360	360.25	-1	1	58a257ea3c7add47	a13e3d98eab55ef1
216	0x400	3	4	4	triangle_list	1	1440	1	1440	480	217	655360	shaded	1	1	6	15	0	0x10001	0	0	1280	720	1	0	0	0	1280	512	0x80000	0x18002	0x43f	0x0	640	639.75	-360	360.25	-1	1	c38e883ea10eee9a	9bab457164bad66d
217	0x400	3	4	4	triangle_list	1	6	1	6	2	0	0	killed_by_clip_or_cull	1	1	6	15	0	0x10001	0	0	1280	720	1	0	0	0	1280	512	0x80000	0x18002	0x43f	0x0	640	639.75	-360	360.25	-1	1	58a257ea3c7add47	63cd6065b5be0ff8
218	0x400	3	4	4	triangle_list	1	18	1	18	6	0	0	killed_by_clip_or_cull	1	1	6	15	0	0x10001	0	0	1280	720	1	0	0	0	1280	512	0x80000	0x18002	0x43f	0x0	640	639.75	-360	360.25	-1	1	58a257ea3c7add47	4d7c39db3c0332c5
219	0x400	3	4	4	triangle_list	1	33	1	33	11	0	0	killed_by_clip_or_cull	1	1	6	15	0	0x10001	0	0	1280	720	1	0	0	0	1280	512	0x80000	0x18002	0x43f	0x0	640	639.75	-360	360.25	-1	1	58a257ea3c7add47	8e1debdeaff9f96
220	0x400	3	4	4	triangle_list	1	6	1	6	2	2	10197	shaded	1	1	6	15	0	0x10001	0	0	1280	720	1	0	0	0	1280	512	0x80000	0x18002	0x43f	0x0	640	639.75	-360	360.25	-1	1	58a257ea3c7add47	95df27dd403d6026
221	0x400	3	4	4	triangle_list	1	6	1	6	2	0	0	killed_by_clip_or_cull	1	1	6	15	0	0x10001	0	0	1280	720	1	0	0	0	1280	512	0x80000	0x18002	0x43f	0x0	640	639.75	-360	360.25	-1	1	58a257ea3c7add47	95df27dd403d6026
222	0x400	3	4	4	triangle_list	1	6	1	6	2	0	0	killed_by_clip_or_cull	1	1	6	15	0	0x10001	0	0	1280	720	1	0	0	0	1280	512	0x80000	0x18002	0x43f	0x0	640	639.75	-360	360.25	-1	1	58a257ea3c7add47	d69c9b2b1cc341e1
223	0x400	3	4	4	triangle_list	1	6	1	6	2	0	0	killed_by_clip_or_cull	1	1	6	15	0	0x10001	0	0	1280	720	1	0	0	0	1280	512	0x80000	0x18002	0x43f	0x0	640	639.75	-360	360.25	-1	1	c38e883ea10eee9a	f980ec7d61471bdc
224	0x400	3	4	4	triangle_list	1	6	1	6	2	0	0	killed_by_clip_or_cull	1	1	6	15	0	0x10001	0	0	1280	720	1	0	0	0	1280	512	0x80000	0x18002	0x43f	0x0	640	639.75	-360	360.25	-1	1	c38e883ea10eee9a	f980ec7d61471bdc
225	0x400	3	4	4	triangle_list	1	18	1	18	6	0	0	killed_by_clip_or_cull	1	1	6	15	0	0x10001	0	0	1280	720	1	0	0	0	1280	512	0x80000	0x18002	0x43f	0x0	640	639.75	-360	360.25	-1	1	58a257ea3c7add47	2b7717acc766eabc
226	0x400	3	4	4	triangle_list	1	126	1	126	42	0	0	killed_by_clip_or_cull	1	1	6	15	0	0x10001	0	0	1280	720	1	0	0	0	1280	512	0x80000	0x18002	0x43f	0x0	640	639.75	-360	360.25	-1	1	58a257ea3c7add47	fc6bd8eccc8b83db
227	0x400	3	4	4	triangle_list	1	129	1	129	43	0	0	killed_by_clip_or_cull	1	1	6	15	0	0x10001	0	0	1280	720	1	0	0	0	1280	512	0x80000	0x18002	0x43f	0x0	640	639.75	-360	360.25	-1	1	58a257ea3c7add47	fc6bd8eccc8b83db
228	0x400	3	4	4	triangle_list	1	3372	1	3372	1124	17	5933	shaded	1	1	6	15	0	0x10001	0	0	1280	720	1	0	0	0	1280	512	0x80000	0x18002	0x43f	0x0	640	639.75	-360	360.25	-1	1	45121b3c36158d3d	83946879170f9048
229	0x400	3	4	4	triangle_list	1	3372	1	3372	1124	46	57698	shaded	1	1	6	15	0	0x10001	0	0	1280	720	1	0	0	0	1280	512	0x80000	0x18002	0x43f	0x0	640	639.75	-360	360.25	-1	1	45121b3c36158d3d	83946879170f9048
230	0x400	3	4	4	triangle_list	1	852	1	852	284	0	0	killed_by_clip_or_cull	1	1	6	15	0	0x10001	0	0	1280	720	1	0	0	0	1280	512	0x80000	0x18002	0x43f	0x0	640	639.75	-360	360.25	-1	1	5fe9186101304387	c2b6fdc713336d45
231	0x400	3	4	4	triangle_list	1	6	1	6	2	0	0	killed_by_clip_or_cull	1	1	6	15	0	0x10001	0	0	1280	720	1	0	0	0	1280	512	0x80000	0x18002	0x43f	0x0	640	639.75	-360	360.25	-1	1	5fe9186101304387	5e55f57229e66ab4
232	0x400	3	4	4	triangle_list	1	6	1	6	2	0	0	killed_by_clip_or_cull	1	1	6	15	0	0x10001	0	0	1280	720	1	0	0	0	1280	512	0x80000	0x18002	0x43f	0x0	640	639.75	-360	360.25	-1	1	5fe9186101304387	5e55f57229e66ab4
233	0x400	3	4	4	triangle_list	1	6	1	6	2	0	0	killed_by_clip_or_cull	1	1	6	15	0	0x10001	0	0	1280	720	1	0	0	0	1280	512	0x80000	0x18002	0x43f	0x0	640	639.75	-360	360.25	-1	1	5fe9186101304387	5e55f57229e66ab4
234	0x400	3	4	4	triangle_list	1	6	1	6	2	0	0	killed_by_clip_or_cull	1	1	6	15	0	0x10001	0	0	1280	720	1	0	0	0	1280	512	0x80000	0x18002	0x43f	0x0	640	639.75	-360	360.25	-1	1	5fe9186101304387	5e55f57229e66ab4
235	0x400	3	4	4	triangle_list	1	6	1	6	2	0	0	killed_by_clip_or_cull	1	1	6	15	0	0x10001	0	0	1280	720	1	0	0	0	1280	512	0x80000	0x18002	0x43f	0x0	640	639.75	-360	360.25	-1	1	5fe9186101304387	5e55f57229e66ab4
236	0x400	3	4	4	triangle_list	1	948	1	948	316	10	227	shaded	1	1	6	15	0	0x10001	0	0	1280	720	1	0	0	0	1280	512	0x80000	0x18002	0x43f	0x0	640	639.75	-360	360.25	-1	1	5fe9186101304387	681289f5233a419e
237	0x400	3	4	4	triangle_list	1	342	1	342	114	8	0	rasterised_no_fragment	1	1	6	15	0	0x10001	0	0	1280	720	1	0	0	0	1280	512	0x80000	0x18002	0x43f	0x0	640	639.75	-360	360.25	-1	1	45121b3c36158d3d	1647df1cd18b7271
238	0x400	3	4	4	triangle_list	1	342	1	342	114	0	0	killed_by_clip_or_cull	1	1	6	15	0	0x10001	0	0	1280	720	1	0	0	0	1280	512	0x80000	0x18006	0x43f	0x0	640	639.75	-360	360.25	-1	1	45121b3c36158d3d	1647df1cd18b7271
239	0x400	3	4	4	triangle_list	1	342	1	342	114	0	0	killed_by_clip_or_cull	1	1	6	15	0	0x10001	0	0	1280	720	1	0	0	0	1280	512	0x80000	0x18002	0x43f	0x0	640	639.75	-360	360.25	-1	1	45121b3c36158d3d	1647df1cd18b7271
240	0x400	3	4	4	triangle_list	1	342	1	342	114	0	0	killed_by_clip_or_cull	1	1	6	15	0	0x10001	0	0	1280	720	1	0	0	0	1280	512	0x80000	0x18006	0x43f	0x0	640	639.75	-360	360.25	-1	1	45121b3c36158d3d	1647df1cd18b7271
241	0x400	3	4	4	triangle_list	1	342	1	342	114	0	0	killed_by_clip_or_cull	1	1	6	15	0	0x10001	0	0	1280	720	1	0	0	0	1280	512	0x80000	0x18002	0x43f	0x0	640	639.75	-360	360.25	-1	1	45121b3c36158d3d	1647df1cd18b7271
242	0x400	3	4	4	triangle_list	1	342	1	342	114	0	0	killed_by_clip_or_cull	1	1	6	15	0	0x10001	0	0	1280	720	1	0	0	0	1280	512	0x80000	0x18006	0x43f	0x0	640	639.75	-360	360.25	-1	1	45121b3c36158d3d	1647df1cd18b7271
243	0x400	3	4	4	triangle_list	1	342	1	342	114	0	0	killed_by_clip_or_cull	1	1	6	15	0	0x10001	0	0	1280	720	1	0	0	0	1280	512	0x80000	0x18002	0x43f	0x0	640	639.75	-360	360.25	-1	1	45121b3c36158d3d	1647df1cd18b7271
244	0x400	3	4	4	triangle_list	1	342	1	342	114	0	0	killed_by_clip_or_cull	1	1	6	15	0	0x10001	0	0	1280	720	1	0	0	0	1280	512	0x80000	0x18006	0x43f	0x0	640	639.75	-360	360.25	-1	1	45121b3c36158d3d	1647df1cd18b7271
245	0x400	3	4	4	triangle_list	1	804	1	804	268	7	0	rasterised_no_fragment	1	1	6	15	0	0x10001	0	0	1280	720	1	0	0	0	1280	512	0x80000	0x18002	0x43f	0x0	640	639.75	-360	360.25	-1	1	45121b3c36158d3d	a657492ede132731
246	0x400	3	4	4	triangle_list	1	804	1	804	268	0	0	killed_by_clip_or_cull	1	1	6	15	0	0x10001	0	0	1280	720	1	0	0	0	1280	512	0x80000	0x18002	0x43f	0x0	640	639.75	-360	360.25	-1	1	45121b3c36158d3d	a657492ede132731
247	0x400	3	4	4	triangle_list	1	804	1	804	268	0	0	killed_by_clip_or_cull	1	1	6	15	0	0x10001	0	0	1280	720	1	0	0	0	1280	512	0x80000	0x18002	0x43f	0x0	640	639.75	-360	360.25	-1	1	45121b3c36158d3d	a657492ede132731
248	0x400	3	4	4	triangle_list	1	804	1	804	268	0	0	killed_by_clip_or_cull	1	1	6	15	0	0x10001	0	0	1280	720	1	0	0	0	1280	512	0x80000	0x18002	0x43f	0x0	640	639.75	-360	360.25	-1	1	45121b3c36158d3d	a657492ede132731
249	0x400	3	4	4	triangle_list	1	342	1	342	114	0	0	killed_by_clip_or_cull	1	1	6	15	0	0x10001	0	0	1280	720	1	0	0	0	1280	512	0x80000	0x18002	0x43f	0x0	640	639.75	-360	360.25	-1	1	45121b3c36158d3d	ada78af5af7e3a2c
250	0x400	3	4	4	triangle_list	1	342	1	342	114	0	0	killed_by_clip_or_cull	1	1	6	15	0	0x10001	0	0	1280	720	1	0	0	0	1280	512	0x80000	0x18002	0x43f	0x0	640	639.75	-360	360.25	-1	1	45121b3c36158d3d	ada78af5af7e3a2c
251	0x400	3	4	4	triangle_list	1	342	1	342	114	0	0	killed_by_clip_or_cull	1	1	6	15	0	0x10001	0	0	1280	720	1	0	0	0	1280	512	0x80000	0x18002	0x43f	0x0	640	639.75	-360	360.25	-1	1	45121b3c36158d3d	ada78af5af7e3a2c
252	0x400	3	4	4	triangle_list	1	342	1	342	114	0	0	killed_by_clip_or_cull	1	1	6	15	0	0x10001	0	0	1280	720	1	0	0	0	1280	512	0x80000	0x18002	0x43f	0x0	640	639.75	-360	360.25	-1	1	45121b3c36158d3d	ada78af5af7e3a2c
253	0x400	3	4	4	triangle_list	1	6906	1	6906	2302	12	0	rasterised_no_fragment	1	1	6	15	0	0x10001	0	0	1280	720	1	0	0	0	1280	512	0x80000	0x18002	0x43f	0x0	640	639.75	-360	360.25	-1	1	53e82dd9942af6	a19e185ca8e30dcb
254	0x400	3	4	4	triangle_list	1	6906	1	6906	2302	468	69391	shaded	1	1	6	15	0	0x10001	0	0	1280	720	1	0	0	0	1280	512	0x80000	0x18002	0x43f	0x0	640	639.75	-360	360.25	-1	1	53e82dd9942af6	a19e185ca8e30dcb
255	0x400	3	4	4	triangle_list	1	6906	1	6906	2302	81	0	rasterised_no_fragment	1	1	6	15	0	0x10001	0	0	1280	720	1	0	0	0	1280	512	0x80000	0x18002	0x43f	0x0	640	639.75	-360	360.25	-1	1	53e82dd9942af6	a19e185ca8e30dcb
256	0x400	3	4	4	triangle_list	1	81	1	81	27	0	0	killed_by_clip_or_cull	1	1	6	15	0	0x10001	0	0	1280	720	1	0	0	0	1280	512	0x80000	0x18002	0x43f	0x0	640	639.75	-360	360.25	-1	1	cb3cec323318973e	9032c03923ec6477
257	0x400	3	4	4	triangle_list	1	72	1	72	24	0	0	killed_by_clip_or_cull	1	1	6	15	0	0x10001	0	0	1280	720	1	0	0	0	1280	512	0x80000	0x18002	0x43f	0x0	640	639.75	-360	360.25	-1	1	cb3cec323318973e	9032c03923ec6477
258	0x400	3	4	4	triangle_list	1	75	1	75	25	0	0	killed_by_clip_or_cull	1	1	6	15	0	0x10001	0	0	1280	720	1	0	0	0	1280	512	0x80000	0x18002	0x43f	0x0	640	639.75	-360	360.25	-1	1	cb3cec323318973e	9032c03923ec6477
259	0x400	3	4	4	triangle_list	1	24	1	24	8	0	0	killed_by_clip_or_cull	1	1	6	15	0	0x10001	0	0	1280	720	1	0	0	0	1280	512	0x80000	0x18002	0x43f	0x0	640	639.75	-360	360.25	-1	1	cb3cec323318973e	9032c03923ec6477
260	0x400	3	4	4	triangle_list	1	24	1	24	8	0	0	killed_by_clip_or_cull	1	1	6	15	0	0x10001	0	0	1280	720	1	0	0	0	1280	512	0x80000	0x18002	0x43f	0x0	640	639.75	-360	360.25	-1	1	cb3cec323318973e	9032c03923ec6477
261	0x400	3	4	4	triangle_list	1	63	1	63	21	0	0	killed_by_clip_or_cull	1	1	6	15	0	0x10001	0	0	1280	720	1	0	0	0	1280	512	0x80000	0x18002	0x43f	0x0	640	639.75	-360	360.25	-1	1	cb3cec323318973e	725b3aa11a40486b
262	0x400	3	4	4	triangle_list	1	15	1	15	5	0	0	killed_by_clip_or_cull	1	1	6	15	0	0x10001	0	0	1280	720	1	0	0	0	1280	512	0x80000	0x18002	0x43f	0x0	640	639.75	-360	360.25	-1	1	cb3cec323318973e	725b3aa11a40486b
263	0x400	3	4	4	triangle_list	1	48	1	48	16	0	0	killed_by_clip_or_cull	1	1	6	15	0	0x10001	0	0	1280	720	1	0	0	0	1280	512	0x80000	0x18002	0x43f	0x0	640	639.75	-360	360.25	-1	1	cb3cec323318973e	725b3aa11a40486b
264	0x400	3	4	4	triangle_list	1	96	1	96	32	0	0	killed_by_clip_or_cull	1	1	6	15	0	0x10001	0	0	1280	720	1	0	0	0	1280	512	0x80000	0x18002	0x43f	0x0	640	639.75	-360	360.25	-1	1	cb3cec323318973e	725b3aa11a40486b
265	0x400	3	4	4	triangle_list	1	45	1	45	15	3	0	rasterised_no_fragment	1	1	6	15	0	0x10001	0	0	1280	720	1	0	0	0	1280	512	0x80000	0x18002	0x43f	0x0	640	639.75	-360	360.25	-1	1	cb3cec323318973e	452a048ed3430fe
266	0x400	3	4	4	triangle_list	1	111	1	111	37	8	130277	shaded	1	1	6	15	0	0x10001	0	0	1280	720	1	0	0	0	1280	512	0x80000	0x18002	0x43f	0x0	640	639.75	-360	360.25	-1	1	cb3cec323318973e	452a048ed3430fe
267	0x400	3	4	4	triangle_list	1	108	1	108	36	0	0	killed_by_clip_or_cull	1	1	6	15	0	0x10001	0	0	1280	720	1	0	0	0	1280	512	0x80000	0x18002	0x43f	0x0	640	639.75	-360	360.25	-1	1	cb3cec323318973e	452a048ed3430fe
268	0x400	3	4	4	triangle_list	1	78	1	78	26	0	0	killed_by_clip_or_cull	1	1	6	15	0	0x10001	0	0	1280	720	1	0	0	0	1280	512	0x80000	0x18002	0x43f	0x0	640	639.75	-360	360.25	-1	1	cb3cec323318973e	452a048ed3430fe
269	0x400	3	4	4	triangle_list	1	12	1	12	4	0	0	killed_by_clip_or_cull	1	1	6	15	0	0x10001	0	0	1280	720	1	0	0	0	1280	512	0x80000	0x18002	0x43f	0x0	640	639.75	-360	360.25	-1	1	cb3cec323318973e	452a048ed3430fe
270	0x400	3	4	4	triangle_list	1	24	1	24	8	0	0	killed_by_clip_or_cull	1	1	6	15	0	0x10001	0	0	1280	720	1	0	0	0	1280	512	0x80000	0x18002	0x43f	0x0	640	639.75	-360	360.25	-1	1	cb3cec323318973e	452a048ed3430fe
271	0x400	3	4	4	triangle_list	1	153	1	153	51	0	0	killed_by_clip_or_cull	1	1	6	15	0	0x10001	0	0	1280	720	1	0	0	0	1280	512	0x80000	0x18002	0x43f	0x0	640	639.75	-360	360.25	-1	1	cb3cec323318973e	452a048ed3430fe
272	0x400	3	4	4	triangle_list	1	33	1	33	11	0	0	killed_by_clip_or_cull	1	1	6	15	0	0x10001	0	0	1280	720	1	0	0	0	1280	512	0x80000	0x18002	0x43f	0x0	640	639.75	-360	360.25	-1	1	cb3cec323318973e	452a048ed3430fe
273	0x400	3	4	4	triangle_list	1	207	1	207	69	0	0	killed_by_clip_or_cull	1	1	6	15	0	0x10001	0	0	1280	720	1	0	0	0	1280	512	0x80000	0x18002	0x43f	0x0	640	639.75	-360	360.25	-1	1	cb3cec323318973e	452a048ed3430fe
274	0x400	3	4	4	triangle_list	1	27	1	27	9	0	0	killed_by_clip_or_cull	1	1	6	15	0	0x10001	0	0	1280	720	1	0	0	0	1280	512	0x80000	0x18002	0x43f	0x0	640	639.75	-360	360.25	-1	1	cb3cec323318973e	452a048ed3430fe
275	0x400	3	4	4	triangle_list	1	6	1	6	2	0	0	killed_by_clip_or_cull	1	1	6	15	0	0x10001	0	0	1280	720	1	0	0	0	1280	512	0x80000	0x18002	0x43f	0x0	640	639.75	-360	360.25	-1	1	cb3cec323318973e	452a048ed3430fe
276	0x400	3	4	4	triangle_list	1	153	1	153	51	0	0	killed_by_clip_or_cull	1	1	6	15	0	0x10001	0	0	1280	720	1	0	0	0	1280	512	0x80000	0x18002	0x43f	0x0	640	639.75	-360	360.25	-1	1	cb3cec323318973e	63dc93a9c0911b7f
277	0x400	3	4	4	triangle_list	1	120	1	120	40	0	0	killed_by_clip_or_cull	1	1	6	15	0	0x10001	0	0	1280	720	1	0	0	0	1280	512	0x80000	0x18002	0x43f	0x0	640	639.75	-360	360.25	-1	1	cb3cec323318973e	63dc93a9c0911b7f
278	0x400	3	4	4	triangle_list	1	15	1	15	5	0	0	killed_by_clip_or_cull	1	1	6	15	0	0x10001	0	0	1280	720	1	0	0	0	1280	512	0x80000	0x18002	0x43f	0x0	640	639.75	-360	360.25	-1	1	cb3cec323318973e	63dc93a9c0911b7f
279	0x400	3	4	4	triangle_list	1	42	1	42	14	0	0	killed_by_clip_or_cull	1	1	6	15	0	0x10001	0	0	1280	720	1	0	0	0	1280	512	0x80000	0x18002	0x43f	0x0	640	639.75	-360	360.25	-1	1	cb3cec323318973e	1f1a3f779667a02a
280	0x400	3	4	4	triangle_list	1	24	1	24	8	8	81538	shaded	1	1	6	15	0	0x10001	0	0	1280	720	1	0	0	0	1280	512	0x80000	0x18002	0x43f	0x0	640	639.75	-360	360.25	-1	1	cb3cec323318973e	1f1a3f779667a02a
281	0x400	3	4	4	triangle_list	1	18	1	18	6	5	0	rasterised_no_fragment	1	1	6	15	0	0x10001	0	0	1280	720	1	0	0	0	1280	512	0x80000	0x18002	0x43f	0x0	640	639.75	-360	360.25	-1	1	cb3cec323318973e	1f1a3f779667a02a
282	0x400	3	4	4	triangle_list	1	84	1	84	28	0	0	killed_by_clip_or_cull	1	1	6	15	0	0x10001	0	0	1280	720	1	0	0	0	1280	512	0x80000	0x18002	0x43f	0x0	640	639.75	-360	360.25	-1	1	cb3cec323318973e	1f1a3f779667a02a
283	0x400	3	4	4	triangle_list	1	36	1	36	12	0	0	killed_by_clip_or_cull	1	1	6	15	0	0x10001	0	0	1280	720	1	0	0	0	1280	512	0x80000	0x18002	0x43f	0x0	640	639.75	-360	360.25	-1	1	cb3cec323318973e	1f1a3f779667a02a
284	0x400	3	4	4	triangle_list	1	6	1	6	2	0	0	killed_by_clip_or_cull	1	1	6	15	0	0x10001	0	0	1280	720	1	0	0	0	1280	512	0x80000	0x18002	0x43f	0x0	640	639.75	-360	360.25	-1	1	cb3cec323318973e	1f1a3f779667a02a
285	0x400	3	4	4	triangle_list	1	12	1	12	4	0	0	killed_by_clip_or_cull	1	1	6	15	0	0x10001	0	0	1280	720	1	0	0	0	1280	512	0x80000	0x18002	0x43f	0x0	640	639.75	-360	360.25	-1	1	cb3cec323318973e	1f1a3f779667a02a
286	0x400	3	4	4	triangle_list	1	6	1	6	2	2	45503	shaded	1	1	6	15	0	0x10001	0	0	1280	720	1	0	0	0	1280	512	0x80000	0x18002	0x43f	0x0	640	639.75	-360	360.25	-1	1	cb3cec323318973e	1f1a3f779667a02a
287	0x400	3	4	4	triangle_list	1	72	1	72	24	0	0	killed_by_clip_or_cull	1	1	6	15	0	0x10001	0	0	1280	720	1	0	0	0	1280	512	0x80000	0x18002	0x43f	0x0	640	639.75	-360	360.25	-1	1	cb3cec323318973e	1f1a3f779667a02a
288	0x400	3	4	4	triangle_list	1	72	1	72	24	0	0	killed_by_clip_or_cull	1	1	6	15	0	0x10001	0	0	1280	720	1	0	0	0	1280	512	0x80000	0x18002	0x43f	0x0	640	639.75	-360	360.25	-1	1	cb3cec323318973e	1f1a3f779667a02a
289	0x400	3	4	4	triangle_list	1	18	1	18	6	0	0	killed_by_clip_or_cull	1	1	6	15	0	0x10001	0	0	1280	720	1	0	0	0	1280	512	0x80000	0x18002	0x43f	0x0	640	639.75	-360	360.25	-1	1	cb3cec323318973e	1f1a3f779667a02a
290	0x400	3	4	4	triangle_list	1	348	1	348	116	0	0	killed_by_clip_or_cull	1	1	6	15	0	0x10001	0	0	1280	720	1	0	0	0	1280	512	0x80000	0x18002	0x43f	0x0	640	639.75	-360	360.25	-1	1	cb3cec323318973e	1f1a3f779667a02a
291	0x400	3	4	4	triangle_list	1	375	1	375	125	0	0	killed_by_clip_or_cull	1	1	6	15	0	0x10001	0	0	1280	720	1	0	0	0	1280	512	0x80000	0x18002	0x43f	0x0	640	639.75	-360	360.25	-1	1	cb3cec323318973e	1f1a3f779667a02a
292	0x400	3	4	4	triangle_list	1	162	1	162	54	0	0	killed_by_clip_or_cull	1	1	6	15	0	0x10001	0	0	1280	720	1	0	0	0	1280	512	0x80000	0x18002	0x43f	0x0	640	639.75	-360	360.25	-1	1	cb3cec323318973e	1f1a3f779667a02a
293	0x400	3	4	4	triangle_list	1	60	1	60	20	0	0	killed_by_clip_or_cull	1	1	6	15	0	0x10001	0	0	1280	720	1	0	0	0	1280	512	0x80000	0x18002	0x43f	0x0	640	639.75	-360	360.25	-1	1	cb3cec323318973e	1f1a3f779667a02a
294	0x400	3	4	4	triangle_list	1	729	1	729	243	0	0	killed_by_clip_or_cull	1	1	6	15	0	0x10001	0	0	1280	720	1	0	0	0	1280	512	0x80000	0x18002	0x43f	0x0	640	639.75	-360	360.25	-1	1	cb3cec323318973e	1f1a3f779667a02a
295	0x400	3	4	4	triangle_list	1	42	1	42	14	0	0	killed_by_clip_or_cull	1	1	6	15	0	0x10001	0	0	1280	720	1	0	0	0	1280	512	0x80000	0x18002	0x43f	0x0	640	639.75	-360	360.25	-1	1	cb3cec323318973e	1f1a3f779667a02a
296	0x400	3	4	4	triangle_list	1	30	1	30	10	2	0	rasterised_no_fragment	1	1	6	15	0	0x10001	0	0	1280	720	1	0	0	0	1280	512	0x80000	0x18002	0x43f	0x0	640	639.75	-360	360.25	-1	1	cb3cec323318973e	1f1a3f779667a02a
297	0x400	3	4	4	triangle_list	1	60	1	60	20	0	0	killed_by_clip_or_cull	1	1	6	15	0	0x10001	0	0	1280	720	1	0	0	0	1280	512	0x80000	0x18002	0x43f	0x0	640	639.75	-360	360.25	-1	1	cb3cec323318973e	1f1a3f779667a02a
298	0x400	3	4	4	triangle_list	1	33	1	33	11	0	0	killed_by_clip_or_cull	1	1	6	15	0	0x10001	0	0	1280	720	1	0	0	0	1280	512	0x80000	0x18002	0x43f	0x0	640	639.75	-360	360.25	-1	1	cb3cec323318973e	1f1a3f779667a02a
299	0x400	3	4	4	triangle_list	1	24	1	24	8	0	0	killed_by_clip_or_cull	1	1	6	15	0	0x10001	0	0	1280	720	1	0	0	0	1280	512	0x80000	0x18002	0x43f	0x0	640	639.75	-360	360.25	-1	1	cb3cec323318973e	1f1a3f779667a02a
300	0x400	3	4	4	triangle_list	1	6	1	6	2	0	0	killed_by_clip_or_cull	1	1	6	15	0	0x10001	0	0	1280	720	1	0	0	0	1280	512	0x80000	0x18002	0x43f	0x0	640	639.75	-360	360.25	-1	1	cb3cec323318973e	fac465921e3c5c30
301	0x400	3	4	4	triangle_list	1	6	1	6	2	0	0	killed_by_clip_or_cull	1	1	6	15	0	0x10001	0	0	1280	720	1	0	0	0	1280	512	0x80000	0x18002	0x43f	0x0	640	639.75	-360	360.25	-1	1	cb3cec323318973e	fac465921e3c5c30
302	0x400	3	4	4	triangle_list	1	12	1	12	4	0	0	killed_by_clip_or_cull	1	1	6	15	0	0x10001	0	0	1280	720	1	0	0	0	1280	512	0x80000	0x18002	0x43f	0x0	640	639.75	-360	360.25	-1	1	cb3cec323318973e	fac465921e3c5c30
303	0x400	3	4	4	triangle_list	1	6	1	6	2	0	0	killed_by_clip_or_cull	1	1	6	15	0	0x10001	0	0	1280	720	1	0	0	0	1280	512	0x80000	0x18002	0x43f	0x0	640	639.75	-360	360.25	-1	1	cb3cec323318973e	fac465921e3c5c30
304	0x400	3	4	4	triangle_list	1	24	1	24	8	0	0	killed_by_clip_or_cull	1	1	6	15	0	0x10001	0	0	1280	720	1	0	0	0	1280	512	0x80000	0x18002	0x43f	0x0	640	639.75	-360	360.25	-1	1	cb3cec323318973e	2fa65d0a17f1335
305	0x400	3	4	4	triangle_list	1	78	1	78	26	0	0	killed_by_clip_or_cull	1	1	6	15	0	0x10001	0	0	1280	720	1	0	0	0	1280	512	0x80000	0x18002	0x43f	0x0	640	639.75	-360	360.25	-1	1	cb3cec323318973e	2fa65d0a17f1335
306	0x400	3	4	4	triangle_list	1	18	1	18	6	0	0	killed_by_clip_or_cull	1	1	6	15	0	0x10001	0	0	1280	720	1	0	0	0	1280	512	0x80000	0x18002	0x43f	0x0	640	639.75	-360	360.25	-1	1	cb3cec323318973e	2fa65d0a17f1335
307	0x400	3	4	4	triangle_list	1	12	1	12	4	0	0	killed_by_clip_or_cull	1	1	6	15	0	0x10001	0	0	1280	720	1	0	0	0	1280	512	0x80000	0x18002	0x43f	0x0	640	639.75	-360	360.25	-1	1	cb3cec323318973e	2fa65d0a17f1335
308	0x400	3	4	4	triangle_list	1	48	1	48	16	0	0	killed_by_clip_or_cull	1	1	6	15	0	0x10001	0	0	1280	720	1	0	0	0	1280	512	0x80000	0x18002	0x43f	0x0	640	639.75	-360	360.25	-1	1	cb3cec323318973e	2fa65d0a17f1335
309	0x400	3	4	4	triangle_list	1	144	1	144	48	0	0	killed_by_clip_or_cull	1	1	6	15	0	0x10001	0	0	1280	720	1	0	0	0	1280	512	0x80000	0x18002	0x43f	0x0	640	639.75	-360	360.25	-1	1	cb3cec323318973e	2fa65d0a17f1335
310	0x400	3	4	4	triangle_list	1	48	1	48	16	0	0	killed_by_clip_or_cull	1	1	6	15	0	0x10001	0	0	1280	720	1	0	0	0	1280	512	0x80000	0x18002	0x43f	0x0	640	639.75	-360	360.25	-1	1	cb3cec323318973e	2fa65d0a17f1335
311	0x400	3	4	4	triangle_list	1	12	1	12	4	0	0	killed_by_clip_or_cull	1	1	6	15	0	0x10001	0	0	1280	720	1	0	0	0	1280	512	0x80000	0x18002	0x43f	0x0	640	639.75	-360	360.25	-1	1	cb3cec323318973e	2fa65d0a17f1335
312	0x400	3	4	4	triangle_list	1	42	1	42	14	0	0	killed_by_clip_or_cull	1	1	6	15	0	0x10001	0	0	1280	720	1	0	0	0	1280	512	0x80000	0x18002	0x43f	0x0	640	639.75	-360	360.25	-1	1	cb3cec323318973e	d99a15450a08043a
313	0x400	3	4	4	triangle_list	1	12	1	12	4	0	0	killed_by_clip_or_cull	1	1	6	15	0	0x10001	0	0	1280	720	1	0	0	0	1280	512	0x80000	0x18002	0x43f	0x0	640	639.75	-360	360.25	-1	1	cb3cec323318973e	d99a15450a08043a
314	0x400	3	4	4	triangle_list	1	126	1	126	42	14	37265	shaded	1	1	6	15	0	0x10001	0	0	1280	720	1	0	0	0	1280	512	0x80000	0x18002	0x43f	0x0	640	639.75	-360	360.25	-1	1	cb3cec323318973e	d99a15450a08043a
315	0x400	3	4	4	triangle_list	1	6	1	6	2	0	0	killed_by_clip_or_cull	1	1	6	15	0	0x10001	0	0	1280	720	1	0	0	0	1280	512	0x80000	0x18002	0x43f	0x0	640	639.75	-360	360.25	-1	1	cb3cec323318973e	d99a15450a08043a
316	0x400	3	4	4	triangle_list	1	21	1	21	7	0	0	killed_by_clip_or_cull	1	1	6	15	0	0x10001	0	0	1280	720	1	0	0	0	1280	512	0x80000	0x18002	0x43f	0x0	640	639.75	-360	360.25	-1	1	cb3cec323318973e	d99a15450a08043a
317	0x400	3	4	4	triangle_list	1	6	1	6	2	0	0	killed_by_clip_or_cull	1	1	6	15	0	0x10001	0	0	1280	720	1	0	0	0	1280	512	0x80000	0x18002	0x43f	0x0	640	639.75	-360	360.25	-1	1	cb3cec323318973e	d99a15450a08043a
318	0x400	3	4	4	triangle_list	1	117	1	117	39	12	180766	shaded	1	1	6	15	0	0x10001	0	0	1280	720	1	0	0	0	1280	512	0x80000	0x18002	0x43f	0x0	640	639.75	-360	360.25	-1	1	cb3cec323318973e	d99a15450a08043a
319	0x400	3	4	4	triangle_list	1	12	1	12	4	0	0	killed_by_clip_or_cull	1	1	6	15	0	0x10001	0	0	1280	720	1	0	0	0	1280	512	0x80000	0x18002	0x43f	0x0	640	639.75	-360	360.25	-1	1	cb3cec323318973e	d99a15450a08043a
320	0x400	3	4	4	triangle_list	1	18	1	18	6	0	0	killed_by_clip_or_cull	1	1	6	15	0	0x10001	0	0	1280	720	1	0	0	0	1280	512	0x80000	0x18002	0x43f	0x0	640	639.75	-360	360.25	-1	1	cb3cec323318973e	d99a15450a08043a
321	0x400	3	4	4	triangle_list	1	12	1	12	4	0	0	killed_by_clip_or_cull	1	1	6	15	0	0x10001	0	0	1280	720	1	0	0	0	1280	512	0x80000	0x18002	0x43f	0x0	640	639.75	-360	360.25	-1	1	cb3cec323318973e	d99a15450a08043a
322	0x400	3	4	4	triangle_list	1	45	1	45	15	0	0	killed_by_clip_or_cull	1	1	6	15	0	0x10001	0	0	1280	720	1	0	0	0	1280	512	0x80000	0x18002	0x43f	0x0	640	639.75	-360	360.25	-1	1	cb3cec323318973e	6e6d4e0d3cf6360b
323	0x400	3	4	4	triangle_list	1	6	1	6	2	0	0	killed_by_clip_or_cull	1	1	6	15	0	0x10001	0	0	1280	720	1	0	0	0	1280	512	0x80000	0x18002	0x43f	0x0	640	639.75	-360	360.25	-1	1	cb3cec323318973e	6e6d4e0d3cf6360b
324	0x400	3	4	4	triangle_list	1	21	1	21	7	0	0	killed_by_clip_or_cull	1	1	6	15	0	0x10001	0	0	1280	720	1	0	0	0	1280	512	0x80000	0x18002	0x43f	0x0	640	639.75	-360	360.25	-1	1	cb3cec323318973e	6e6d4e0d3cf6360b
325	0x400	3	4	4	triangle_list	1	12	1	12	4	0	0	killed_by_clip_or_cull	1	1	6	15	0	0x10001	0	0	1280	720	1	0	0	0	1280	512	0x80000	0x18002	0x43f	0x0	640	639.75	-360	360.25	-1	1	cb3cec323318973e	ffdafff8542ddcd6
326	0x400	3	4	4	triangle_list	1	12	1	12	4	4	119600	shaded	1	1	6	15	0	0x10001	0	0	1280	720	1	0	0	0	1280	512	0x80000	0x18002	0x43f	0x0	640	639.75	-360	360.25	-1	1	cb3cec323318973e	ffdafff8542ddcd6
327	0x400	3	4	4	triangle_list	1	6	1	6	2	2	0	rasterised_no_fragment	1	1	6	15	0	0x10001	0	0	1280	720	1	0	0	0	1280	512	0x80000	0x18002	0x43f	0x0	640	639.75	-360	360.25	-1	1	cb3cec323318973e	ffdafff8542ddcd6
328	0x400	3	4	4	triangle_list	1	27	1	27	9	2	0	rasterised_no_fragment	1	1	6	15	0	0x10001	0	0	1280	720	1	0	0	0	1280	512	0x80000	0x18002	0x43f	0x0	640	639.75	-360	360.25	-1	1	cb3cec323318973e	ffdafff8542ddcd6
329	0x400	3	4	4	triangle_list	1	24	1	24	8	0	0	killed_by_clip_or_cull	1	1	6	15	0	0x10001	0	0	1280	720	1	0	0	0	1280	512	0x80000	0x18002	0x43f	0x0	640	639.75	-360	360.25	-1	1	cb3cec323318973e	ffdafff8542ddcd6
330	0x400	3	4	4	triangle_list	1	12	1	12	4	0	0	killed_by_clip_or_cull	1	1	6	15	0	0x10001	0	0	1280	720	1	0	0	0	1280	512	0x80000	0x18002	0x43f	0x0	640	639.75	-360	360.25	-1	1	cb3cec323318973e	ffdafff8542ddcd6
331	0x400	3	4	4	triangle_list	1	33	1	33	11	0	0	killed_by_clip_or_cull	1	1	6	15	0	0x10001	0	0	1280	720	1	0	0	0	1280	512	0x80000	0x18002	0x43f	0x0	640	639.75	-360	360.25	-1	1	cb3cec323318973e	ffdafff8542ddcd6
332	0x400	3	4	4	triangle_list	1	12	1	12	4	0	0	killed_by_clip_or_cull	1	1	6	15	0	0x10001	0	0	1280	720	1	0	0	0	1280	512	0x80000	0x18002	0x43f	0x0	640	639.75	-360	360.25	-1	1	cb3cec323318973e	ffdafff8542ddcd6
333	0x400	3	4	4	triangle_list	1	45	1	45	15	0	0	killed_by_clip_or_cull	1	1	6	15	0	0x10001	0	0	1280	720	1	0	0	0	1280	512	0x80000	0x18002	0x43f	0x0	640	639.75	-360	360.25	-1	1	cb3cec323318973e	ffdafff8542ddcd6
334	0x400	3	4	4	triangle_list	1	21	1	21	7	0	0	killed_by_clip_or_cull	1	1	6	15	0	0x10001	0	0	1280	720	1	0	0	0	1280	512	0x80000	0x18002	0x43f	0x0	640	639.75	-360	360.25	-1	1	cb3cec323318973e	ffdafff8542ddcd6
335	0x400	3	4	4	triangle_list	1	6	1	6	2	0	0	killed_by_clip_or_cull	1	1	6	15	0	0x10001	0	0	1280	720	1	0	0	0	1280	512	0x80000	0x18002	0x43f	0x0	640	639.75	-360	360.25	-1	1	cb3cec323318973e	ffdafff8542ddcd6
336	0x400	3	4	4	triangle_list	1	6	1	6	2	2	9628	shaded	1	1	6	15	0	0x10001	0	0	1280	720	1	0	0	0	1280	512	0x80000	0x18002	0x43f	0x0	640	639.75	-360	360.25	-1	1	cb3cec323318973e	edcd6dae5e3b1817
337	0x400	3	4	4	triangle_list	1	6	1	6	2	2	0	rasterised_no_fragment	1	1	6	15	0	0x10001	0	0	1280	720	1	0	0	0	1280	512	0x80000	0x18006	0x43f	0x0	640	639.75	-360	360.25	-1	1	cb3cec323318973e	edcd6dae5e3b1817
338	0x400	3	4	4	triangle_list	1	18	1	18	6	4	0	rasterised_no_fragment	1	1	6	15	0	0x10001	0	0	1280	720	1	0	0	0	1280	512	0x80000	0x18002	0x43f	0x0	640	639.75	-360	360.25	-1	1	cb3cec323318973e	d179eef695855862
339	0x400	3	4	4	triangle_list	1	6	1	6	2	0	0	killed_by_clip_or_cull	1	1	6	15	0	0x10001	0	0	1280	720	1	0	0	0	1280	512	0x80000	0x18002	0x43f	0x0	640	639.75	-360	360.25	-1	1	cb3cec323318973e	d179eef695855862
340	0x400	3	4	4	triangle_list	1	6	1	6	2	0	0	killed_by_clip_or_cull	1	1	6	15	0	0x10001	0	0	1280	720	1	0	0	0	1280	512	0x80000	0x18002	0x43f	0x0	640	639.75	-360	360.25	-1	1	cb3cec323318973e	e656f085e888dee5
341	0x400	3	4	4	triangle_list	1	6	1	6	2	0	0	killed_by_clip_or_cull	1	1	6	15	0	0x10001	0	0	1280	720	1	0	0	0	1280	512	0x80000	0x18002	0x43f	0x0	640	639.75	-360	360.25	-1	1	cb3cec323318973e	e656f085e888dee5
342	0x400	3	4	4	triangle_list	1	6	1	6	2	0	0	killed_by_clip_or_cull	1	1	6	15	0	0x10001	0	0	1280	720	1	0	0	0	1280	512	0x80000	0x18002	0x43f	0x0	640	639.75	-360	360.25	-1	1	cb3cec323318973e	e656f085e888dee5
343	0x400	3	4	4	triangle_list	1	6	1	6	2	0	0	killed_by_clip_or_cull	1	1	6	15	0	0x10001	0	0	1280	720	1	0	0	0	1280	512	0x80000	0x18002	0x43f	0x0	640	639.75	-360	360.25	-1	1	cb3cec323318973e	e656f085e888dee5
344	0x400	3	4	4	triangle_list	1	6	1	6	2	0	0	killed_by_clip_or_cull	1	1	6	15	0	0x10001	0	0	1280	720	1	0	0	0	1280	512	0x80000	0x18002	0x43f	0x0	640	639.75	-360	360.25	-1	1	cb3cec323318973e	a22f20cc1907753e
345	0x400	3	4	4	triangle_list	1	6	1	6	2	0	0	killed_by_clip_or_cull	1	1	6	15	0	0x10001	0	0	1280	720	1	0	0	0	1280	512	0x80000	0x18002	0x43f	0x0	640	639.75	-360	360.25	-1	1	cb3cec323318973e	a22f20cc1907753e
346	0x400	3	4	4	triangle_list	1	12	1	12	4	0	0	killed_by_clip_or_cull	1	1	6	15	0	0x10001	0	0	1280	720	1	0	0	0	1280	512	0x80000	0x18002	0x43f	0x0	640	639.75	-360	360.25	-1	1	cb3cec323318973e	a22f20cc1907753e
347	0x400	3	4	4	triangle_list	1	18	1	18	6	4	0	rasterised_no_fragment	1	1	6	15	0	0x10001	0	0	1280	720	1	0	0	0	1280	512	0x80000	0x18002	0x43f	0x0	640	639.75	-360	360.25	-1	1	cb3cec323318973e	80763fc6533a277e
348	0x400	3	4	4	triangle_list	1	12	1	12	4	3	27063	shaded	1	1	6	15	0	0x10001	0	0	1280	720	1	0	0	0	1280	512	0x80000	0x18002	0x43f	0x0	640	639.75	-360	360.25	-1	1	cb3cec323318973e	80763fc6533a277e
349	0x400	3	4	4	triangle_list	1	18	1	18	6	2	0	rasterised_no_fragment	1	1	6	15	0	0x10001	0	0	1280	720	1	0	0	0	1280	512	0x80000	0x18002	0x43f	0x0	640	639.75	-360	360.25	-1	1	cb3cec323318973e	80763fc6533a277e
350	0x400	3	4	4	triangle_list	1	6	1	6	2	2	102278	shaded	1	1	6	15	0	0x10001	0	0	1280	720	1	0	0	0	1280	512	0x80000	0x18002	0x43f	0x0	640	639.75	-360	360.25	-1	1	cb3cec323318973e	80763fc6533a277e
351	0x400	3	4	4	triangle_list	1	12	1	12	4	0	0	killed_by_clip_or_cull	1	1	6	15	0	0x10001	0	0	1280	720	1	0	0	0	1280	512	0x80000	0x18002	0x43f	0x0	640	639.75	-360	360.25	-1	1	cb3cec323318973e	80763fc6533a277e
352	0x400	3	4	4	triangle_list	1	96	1	96	32	0	0	killed_by_clip_or_cull	1	1	6	15	0	0x10001	0	0	1280	720	1	0	0	0	1280	512	0x80000	0x18002	0x43f	0x0	640	639.75	-360	360.25	-1	1	cb3cec323318973e	80763fc6533a277e
353	0x400	3	4	4	triangle_list	1	18	1	18	6	0	0	killed_by_clip_or_cull	1	1	6	15	0	0x10001	0	0	1280	720	1	0	0	0	1280	512	0x80000	0x18002	0x43f	0x0	640	639.75	-360	360.25	-1	1	cb3cec323318973e	7398f9371e5d344a
354	0x400	3	4	4	triangle_list	1	15	1	15	5	0	0	killed_by_clip_or_cull	1	1	6	15	0	0x10001	0	0	1280	720	1	0	0	0	1280	512	0x80000	0x18002	0x43f	0x0	640	639.75	-360	360.25	-1	1	cb3cec323318973e	7398f9371e5d344a
355	0x400	3	4	4	triangle_list	1	39	1	39	13	0	0	killed_by_clip_or_cull	1	1	6	15	0	0x10001	0	0	1280	720	1	0	0	0	1280	512	0x80000	0x18002	0x43f	0x0	640	639.75	-360	360.25	-1	1	cb3cec323318973e	7398f9371e5d344a
356	0x400	3	4	4	triangle_list	1	78	1	78	26	0	0	killed_by_clip_or_cull	1	1	6	15	0	0x10001	0	0	1280	720	1	0	0	0	1280	512	0x80000	0x18002	0x43f	0x0	640	639.75	-360	360.25	-1	1	cb3cec323318973e	7398f9371e5d344a
357	0x400	3	4	4	triangle_list	1	24	1	24	8	0	0	killed_by_clip_or_cull	1	1	6	15	0	0x10001	0	0	1280	720	1	0	0	0	1280	512	0x80000	0x18002	0x43f	0x0	640	639.75	-360	360.25	-1	1	cb3cec323318973e	7398f9371e5d344a
358	0x400	3	4	4	triangle_list	1	39	1	39	13	0	0	killed_by_clip_or_cull	1	1	6	15	0	0x10001	0	0	1280	720	1	0	0	0	1280	512	0x80000	0x18002	0x43f	0x0	640	639.75	-360	360.25	-1	1	cb3cec323318973e	7398f9371e5d344a
359	0x400	3	4	4	triangle_list	1	6	1	6	2	0	0	killed_by_clip_or_cull	1	1	6	15	0	0x10001	0	0	1280	720	1	0	0	0	1280	512	0x80000	0x18002	0x43f	0x0	640	639.75	-360	360.25	-1	1	cb3cec323318973e	7398f9371e5d344a
360	0x400	3	4	4	triangle_list	1	6	1	6	2	0	0	killed_by_clip_or_cull	1	1	6	15	0	0x10001	0	0	1280	720	1	0	0	0	1280	512	0x80000	0x18002	0x43f	0x0	640	639.75	-360	360.25	-1	1	cb3cec323318973e	7398f9371e5d344a
361	0x400	3	4	4	triangle_list	1	6	1	6	2	0	0	killed_by_clip_or_cull	1	1	6	15	0	0x10001	0	0	1280	720	1	0	0	0	1280	512	0x80000	0x18002	0x43f	0x0	640	639.75	-360	360.25	-1	1	d4d5cce7d665c309	8f05fe7cef2c0ea8
362	0x400	3	4	4	triangle_list	1	6	1	6	2	0	0	killed_by_clip_or_cull	1	1	6	15	0	0x10001	0	0	1280	720	1	0	0	0	1280	512	0x80000	0x18002	0x43f	0x0	640	639.75	-360	360.25	-1	1	d4d5cce7d665c309	8f05fe7cef2c0ea8
363	0x400	3	4	4	triangle_list	1	6	1	6	2	0	0	killed_by_clip_or_cull	1	1	6	15	0	0x10001	0	0	1280	720	1	0	0	0	1280	512	0x80000	0x18002	0x43f	0x0	640	639.75	-360	360.25	-1	1	d4d5cce7d665c309	8f05fe7cef2c0ea8
364	0x400	3	4	4	triangle_list	1	6	1	6	2	0	0	killed_by_clip_or_cull	1	1	6	15	0	0x10001	0	0	1280	720	1	0	0	0	1280	512	0x80000	0x18002	0x43f	0x0	640	639.75	-360	360.25	-1	1	d4d5cce7d665c309	8f05fe7cef2c0ea8
365	0x400	3	4	4	triangle_list	1	6	1	6	2	0	0	killed_by_clip_or_cull	1	1	6	15	0	0x10001	0	0	1280	720	1	0	0	0	1280	512	0x80000	0x18002	0x43f	0x0	640	639.75	-360	360.25	-1	1	d4d5cce7d665c309	8f05fe7cef2c0ea8
366	0x400	3	4	4	triangle_list	1	6	1	6	2	0	0	killed_by_clip_or_cull	1	1	6	15	0	0x10001	0	0	1280	720	1	0	0	0	1280	512	0x80000	0x18002	0x43f	0x0	640	639.75	-360	360.25	-1	1	d4d5cce7d665c309	8f05fe7cef2c0ea8
367	0x400	3	4	4	triangle_list	1	6	1	6	2	0	0	killed_by_clip_or_cull	1	1	6	15	0	0x10001	0	0	1280	720	1	0	0	0	1280	512	0x80000	0x18002	0x43f	0x0	640	639.75	-360	360.25	-1	1	d4d5cce7d665c309	8f05fe7cef2c0ea8
368	0x400	3	4	4	triangle_list	1	18	1	18	6	0	0	killed_by_clip_or_cull	1	1	6	15	0	0x10001	0	0	1280	720	1	0	0	0	1280	512	0x80000	0x18002	0x43f	0x0	640	639.75	-360	360.25	-1	1	cb3cec323318973e	b9ec8ee3e5899507
369	0x400	3	4	4	triangle_list	1	24	1	24	8	0	0	killed_by_clip_or_cull	1	1	6	15	0	0x10001	0	0	1280	720	1	0	0	0	1280	512	0x80000	0x18002	0x43f	0x0	640	639.75	-360	360.25	-1	1	cb3cec323318973e	b9ec8ee3e5899507
370	0x400	3	4	4	triangle_list	1	9	1	9	3	0	0	killed_by_clip_or_cull	1	1	6	15	0	0x10001	0	0	1280	720	1	0	0	0	1280	512	0x80000	0x18002	0x43f	0x0	640	639.75	-360	360.25	-1	1	cb3cec323318973e	b9ec8ee3e5899507
371	0x400	3	4	4	triangle_list	1	30	1	30	10	3	0	rasterised_no_fragment	1	1	6	15	0	0x10001	0	0	1280	720	1	0	0	0	1280	512	0x80000	0x18002	0x43f	0x0	640	639.75	-360	360.25	-1	1	cb3cec323318973e	b9ec8ee3e5899507
372	0x400	3	4	4	triangle_list	1	177	1	177	59	3	0	rasterised_no_fragment	1	1	6	15	0	0x10001	0	0	1280	720	1	0	0	0	1280	512	0x80000	0x18002	0x43f	0x0	640	639.75	-360	360.25	-1	1	cb3cec323318973e	b9ec8ee3e5899507
373	0x400	3	4	4	triangle_list	1	24	1	24	8	0	0	killed_by_clip_or_cull	1	1	6	15	0	0x10001	0	0	1280	720	1	0	0	0	1280	512	0x80000	0x18002	0x43f	0x0	640	639.75	-360	360.25	-1	1	cb3cec323318973e	b9ec8ee3e5899507
374	0x400	3	4	4	triangle_list	1	6	1	6	2	0	0	killed_by_clip_or_cull	1	1	6	15	0	0x10001	0	0	1280	720	1	0	0	0	1280	512	0x80000	0x18002	0x43f	0x0	640	639.75	-360	360.25	-1	1	cb3cec323318973e	b9ec8ee3e5899507
375	0x400	3	4	4	triangle_list	1	15	1	15	5	0	0	killed_by_clip_or_cull	1	1	6	15	0	0x10001	0	0	1280	720	1	0	0	0	1280	512	0x80000	0x18002	0x43f	0x0	640	639.75	-360	360.25	-1	1	cb3cec323318973e	cf930324f86834d1
376	0x400	3	4	4	triangle_list	1	12	1	12	4	0	0	killed_by_clip_or_cull	1	1	6	15	0	0x10001	0	0	1280	720	1	0	0	0	1280	512	0x80000	0x18002	0x43f	0x0	640	639.75	-360	360.25	-1	1	cb3cec323318973e	165fc0f4f65a0c67
377	0x400	3	4	4	triangle_list	1	189	1	189	63	0	0	killed_by_clip_or_cull	1	1	6	15	0	0x10001	0	0	1280	720	1	0	0	0	1280	512	0x80000	0x18002	0x43f	0x0	640	639.75	-360	360.25	-1	1	cb3cec323318973e	165fc0f4f65a0c67
378	0x400	3	4	4	triangle_list	1	108	1	108	36	0	0	killed_by_clip_or_cull	1	1	6	15	0	0x10001	0	0	1280	720	1	0	0	0	1280	512	0x80000	0x18002	0x43f	0x0	640	639.75	-360	360.25	-1	1	cb3cec323318973e	165fc0f4f65a0c67
379	0x400	3	4	4	triangle_list	1	111	1	111	37	0	0	killed_by_clip_or_cull	1	1	6	15	0	0x10001	0	0	1280	720	1	0	0	0	1280	512	0x80000	0x18002	0x43f	0x0	640	639.75	-360	360.25	-1	1	cb3cec323318973e	165fc0f4f65a0c67
380	0x400	3	4	4	triangle_list	1	9	1	9	3	0	0	killed_by_clip_or_cull	1	1	6	15	0	0x10001	0	0	1280	720	1	0	0	0	1280	512	0x80000	0x18002	0x43f	0x0	640	639.75	-360	360.25	-1	1	cb3cec323318973e	b68fb582b90221b7
381	0x400	3	4	4	triangle_list	1	6	1	6	2	0	0	killed_by_clip_or_cull	1	1	6	15	0	0x10001	0	0	1280	720	1	0	0	0	1280	512	0x80000	0x18002	0x43f	0x0	640	639.75	-360	360.25	-1	1	cb3cec323318973e	b68fb582b90221b7
382	0x400	3	4	4	triangle_list	1	45	1	45	15	0	0	killed_by_clip_or_cull	1	1	6	15	0	0x10001	0	0	1280	720	1	0	0	0	1280	512	0x80000	0x18002	0x43f	0x0	640	639.75	-360	360.25	-1	1	cb3cec323318973e	b68fb582b90221b7
383	0x400	3	4	4	triangle_list	1	12	1	12	4	0	0	killed_by_clip_or_cull	1	1	6	15	0	0x10001	0	0	1280	720	1	0	0	0	1280	512	0x80000	0x18002	0x43f	0x0	640	639.75	-360	360.25	-1	1	cb3cec323318973e	275169e1a551f34b
384	0x400	3	4	4	triangle_list	1	24	1	24	8	0	0	killed_by_clip_or_cull	1	1	6	15	0	0x10001	0	0	1280	720	1	0	0	0	1280	512	0x80000	0x18002	0x43f	0x0	640	639.75	-360	360.25	-1	1	cb3cec323318973e	8a935b49fffd64a8
385	0x400	3	4	4	triangle_list	1	42	1	42	14	0	0	killed_by_clip_or_cull	1	1	6	15	0	0x10001	0	0	1280	720	1	0	0	0	1280	512	0x80000	0x18002	0x43f	0x0	640	639.75	-360	360.25	-1	1	cb3cec323318973e	8a935b49fffd64a8
386	0x400	3	4	4	triangle_list	1	12	1	12	4	0	0	killed_by_clip_or_cull	1	1	6	15	0	0x10001	0	0	1280	720	1	0	0	0	1280	512	0x80000	0x18002	0x43f	0x0	640	639.75	-360	360.25	-1	1	cb3cec323318973e	8a935b49fffd64a8
387	0x400	3	4	4	triangle_list	1	72	1	72	24	0	0	killed_by_clip_or_cull	1	1	6	15	0	0x10001	0	0	1280	720	1	0	0	0	1280	512	0x80000	0x18002	0x43f	0x0	640	639.75	-360	360.25	-1	1	cb3cec323318973e	7e71bcea70d91c5a
388	0x400	3	4	4	triangle_list	1	9	1	9	3	0	0	killed_by_clip_or_cull	1	1	6	15	0	0x10001	0	0	1280	720	1	0	0	0	1280	512	0x80000	0x18002	0x43f	0x0	640	639.75	-360	360.25	-1	1	cb3cec323318973e	7e71bcea70d91c5a
389	0x400	3	4	4	triangle_list	1	72	1	72	24	0	0	killed_by_clip_or_cull	1	1	6	15	0	0x10001	0	0	1280	720	1	0	0	0	1280	512	0x80000	0x18002	0x43f	0x0	640	639.75	-360	360.25	-1	1	cb3cec323318973e	7e71bcea70d91c5a
390	0x400	3	4	4	triangle_list	1	69	1	69	23	0	0	killed_by_clip_or_cull	1	1	6	15	0	0x10001	0	0	1280	720	1	0	0	0	1280	512	0x80000	0x18002	0x43f	0x0	640	639.75	-360	360.25	-1	1	cb3cec323318973e	7e71bcea70d91c5a
391	0x400	3	4	4	triangle_list	1	6	1	6	2	0	0	killed_by_clip_or_cull	1	1	6	15	0	0x10001	0	0	1280	720	1	0	0	0	1280	512	0x80000	0x18002	0x43f	0x0	640	639.75	-360	360.25	-1	1	cb3cec323318973e	e00d72a0628ca93a
392	0x400	3	4	4	triangle_list	1	6	1	6	2	0	0	killed_by_clip_or_cull	1	1	6	15	0	0x10001	0	0	1280	720	1	0	0	0	1280	512	0x80000	0x18002	0x43f	0x0	640	639.75	-360	360.25	-1	1	cb3cec323318973e	e00d72a0628ca93a
393	0x400	3	4	4	triangle_list	1	51	1	51	17	0	0	killed_by_clip_or_cull	1	1	6	15	0	0x10001	0	0	1280	720	1	0	0	0	1280	512	0x80000	0x18002	0x43f	0x0	640	639.75	-360	360.25	-1	1	cb3cec323318973e	e00d72a0628ca93a
394	0x400	3	4	4	triangle_list	1	6	1	6	2	0	0	killed_by_clip_or_cull	1	1	6	15	0	0x10001	0	0	1280	720	1	0	0	0	1280	512	0x80000	0x18002	0x43f	0x0	640	639.75	-360	360.25	-1	1	cb3cec323318973e	e00d72a0628ca93a
395	0x400	3	4	4	triangle_list	1	6	1	6	2	0	0	killed_by_clip_or_cull	1	1	6	15	0	0x10001	0	0	1280	720	1	0	0	0	1280	512	0x80000	0x18002	0x43f	0x0	640	639.75	-360	360.25	-1	1	cb3cec323318973e	e00d72a0628ca93a
396	0x400	3	4	4	triangle_list	1	15	1	15	5	0	0	killed_by_clip_or_cull	1	1	6	15	0	0x10001	0	0	1280	720	1	0	0	0	1280	512	0x80000	0x18002	0x43f	0x0	640	639.75	-360	360.25	-1	1	cb3cec323318973e	d179eef695855862
397	0x400	3	4	4	triangle_list	1	6	1	6	2	0	0	killed_by_clip_or_cull	1	1	6	15	0	0x10001	0	0	1280	720	1	0	0	0	1280	512	0x80000	0x18002	0x43f	0x0	640	639.75	-360	360.25	-1	1	cb3cec323318973e	d179eef695855862
398	0x400	3	4	4	triangle_list	1	33	1	33	11	0	0	killed_by_clip_or_cull	1	1	6	15	0	0x10001	0	0	1280	720	1	0	0	0	1280	512	0x80000	0x18002	0x43f	0x0	640	639.75	-360	360.25	-1	1	cb3cec323318973e	b0e2b58724140a6b
399	0x400	3	4	4	triangle_list	1	54	1	54	18	0	0	killed_by_clip_or_cull	1	1	6	15	0	0x10001	0	0	1280	720	1	0	0	0	1280	512	0x80000	0x18002	0x43f	0x0	640	639.75	-360	360.25	-1	1	cb3cec323318973e	b0e2b58724140a6b
400	0x400	3	4	4	triangle_list	1	42	1	42	14	0	0	killed_by_clip_or_cull	1	1	6	15	0	0x10001	0	0	1280	720	1	0	0	0	1280	512	0x80000	0x18002	0x43f	0x0	640	639.75	-360	360.25	-1	1	cb3cec323318973e	b0e2b58724140a6b
401	0x400	3	4	4	triangle_list	1	57	1	57	19	0	0	killed_by_clip_or_cull	1	1	6	15	0	0x10001	0	0	1280	720	1	0	0	0	1280	512	0x80000	0x18002	0x43f	0x0	640	639.75	-360	360.25	-1	1	cb3cec323318973e	b0e2b58724140a6b
402	0x400	3	4	4	triangle_list	1	39	1	39	13	0	0	killed_by_clip_or_cull	1	1	6	15	0	0x10001	0	0	1280	720	1	0	0	0	1280	512	0x80000	0x18002	0x43f	0x0	640	639.75	-360	360.25	-1	1	cb3cec323318973e	b0e2b58724140a6b
403	0x400	3	4	4	triangle_list	1	21	1	21	7	0	0	killed_by_clip_or_cull	1	1	6	15	0	0x10001	0	0	1280	720	1	0	0	0	1280	512	0x80000	0x18002	0x43f	0x0	640	639.75	-360	360.25	-1	1	cb3cec323318973e	b0e2b58724140a6b
404	0x400	3	4	4	triangle_list	1	12	1	12	4	0	0	killed_by_clip_or_cull	1	1	6	15	0	0x10001	0	0	1280	720	1	0	0	0	1280	512	0x80000	0x18002	0x43f	0x0	640	639.75	-360	360.25	-1	1	cb3cec323318973e	df8714928e710489
405	0x400	3	4	4	triangle_list	1	96	1	96	32	0	0	killed_by_clip_or_cull	1	1	6	15	0	0x10001	0	0	1280	720	1	0	0	0	1280	512	0x80000	0x18002	0x43f	0x0	640	639.75	-360	360.25	-1	1	cb3cec323318973e	63dc93a9c0911b7f
406	0x400	3	4	4	triangle_list	1	24	1	24	8	0	0	killed_by_clip_or_cull	1	1	6	15	0	0x10001	0	0	1280	720	1	0	0	0	1280	512	0x80000	0x18002	0x43f	0x0	640	639.75	-360	360.25	-1	1	cb3cec323318973e	63dc93a9c0911b7f
409	0x400	3	4	4	triangle_list	1	18	1	18	6	0	0	killed_by_clip_or_cull	1	1	6	15	0	0x10001	0	0	1280	208	1	0	0	0	1280	208	0x80000	0x18002	0x43f	0x7e000000	640	639.75	-360	360.25	-1	1	18d0f3e8256b1f6d	e5d37644aefeed94
410	0x400	3	4	4	triangle_list	1	180	1	180	60	1	0	rasterised_no_fragment	1	1	6	15	0	0x10001	0	0	1280	208	1	0	0	0	1280	208	0x80000	0x18002	0x43f	0x7e000000	640	639.75	-360	360.25	-1	1	58a257ea3c7add47	a13e3d98eab55ef1
411	0x400	3	4	4	triangle_list	1	96	1	96	32	1	0	rasterised_no_fragment	1	1	6	15	0	0x10001	0	0	1280	208	1	0	0	0	1280	208	0x80000	0x18002	0x43f	0x7e000000	640	639.75	-360	360.25	-1	1	58a257ea3c7add47	a13e3d98eab55ef1
412	0x400	3	4	4	triangle_list	1	72	1	72	24	0	0	killed_by_clip_or_cull	1	1	6	15	0	0x10001	0	0	1280	208	1	0	0	0	1280	208	0x80000	0x18002	0x43f	0x7e000000	640	639.75	-360	360.25	-1	1	58a257ea3c7add47	a13e3d98eab55ef1
413	0x400	3	4	4	triangle_list	1	1440	1	1440	480	57	266240	shaded	1	1	6	15	0	0x10001	0	0	1280	208	1	0	0	0	1280	208	0x80000	0x18002	0x43f	0x7e000000	640	639.75	-360	360.25	-1	1	c38e883ea10eee9a	9bab457164bad66d
414	0x400	3	4	4	triangle_list	1	6	1	6	2	0	0	killed_by_clip_or_cull	1	1	6	15	0	0x10001	0	0	1280	208	1	0	0	0	1280	208	0x80000	0x18002	0x43f	0x7e000000	640	639.75	-360	360.25	-1	1	58a257ea3c7add47	63cd6065b5be0ff8
415	0x400	3	4	4	triangle_list	1	18	1	18	6	0	0	killed_by_clip_or_cull	1	1	6	15	0	0x10001	0	0	1280	208	1	0	0	0	1280	208	0x80000	0x18002	0x43f	0x7e000000	640	639.75	-360	360.25	-1	1	58a257ea3c7add47	4d7c39db3c0332c5
416	0x400	3	4	4	triangle_list	1	33	1	33	11	0	0	killed_by_clip_or_cull	1	1	6	15	0	0x10001	0	0	1280	208	1	0	0	0	1280	208	0x80000	0x18002	0x43f	0x7e000000	640	639.75	-360	360.25	-1	1	58a257ea3c7add47	8e1debdeaff9f96
417	0x400	3	4	4	triangle_list	1	6	1	6	2	0	0	killed_by_clip_or_cull	1	1	6	15	0	0x10001	0	0	1280	208	1	0	0	0	1280	208	0x80000	0x18002	0x43f	0x7e000000	640	639.75	-360	360.25	-1	1	58a257ea3c7add47	95df27dd403d6026
418	0x400	3	4	4	triangle_list	1	6	1	6	2	0	0	killed_by_clip_or_cull	1	1	6	15	0	0x10001	0	0	1280	208	1	0	0	0	1280	208	0x80000	0x18002	0x43f	0x7e000000	640	639.75	-360	360.25	-1	1	58a257ea3c7add47	95df27dd403d6026
419	0x400	3	4	4	triangle_list	1	6	1	6	2	0	0	killed_by_clip_or_cull	1	1	6	15	0	0x10001	0	0	1280	208	1	0	0	0	1280	208	0x80000	0x18002	0x43f	0x7e000000	640	639.75	-360	360.25	-1	1	58a257ea3c7add47	d69c9b2b1cc341e1
420	0x400	3	4	4	triangle_list	1	6	1	6	2	0	0	killed_by_clip_or_cull	1	1	6	15	0	0x10001	0	0	1280	208	1	0	0	0	1280	208	0x80000	0x18002	0x43f	0x7e000000	640	639.75	-360	360.25	-1	1	c38e883ea10eee9a	f980ec7d61471bdc
421	0x400	3	4	4	triangle_list	1	6	1	6	2	0	0	killed_by_clip_or_cull	1	1	6	15	0	0x10001	0	0	1280	208	1	0	0	0	1280	208	0x80000	0x18002	0x43f	0x7e000000	640	639.75	-360	360.25	-1	1	c38e883ea10eee9a	f980ec7d61471bdc
422	0x400	3	4	4	triangle_list	1	18	1	18	6	0	0	killed_by_clip_or_cull	1	1	6	15	0	0x10001	0	0	1280	208	1	0	0	0	1280	208	0x80000	0x18002	0x43f	0x7e000000	640	639.75	-360	360.25	-1	1	58a257ea3c7add47	2b7717acc766eabc
423	0x400	3	4	4	triangle_list	1	126	1	126	42	0	0	killed_by_clip_or_cull	1	1	6	15	0	0x10001	0	0	1280	208	1	0	0	0	1280	208	0x80000	0x18002	0x43f	0x7e000000	640	639.75	-360	360.25	-1	1	58a257ea3c7add47	fc6bd8eccc8b83db
424	0x400	3	4	4	triangle_list	1	129	1	129	43	0	0	killed_by_clip_or_cull	1	1	6	15	0	0x10001	0	0	1280	208	1	0	0	0	1280	208	0x80000	0x18002	0x43f	0x7e000000	640	639.75	-360	360.25	-1	1	58a257ea3c7add47	fc6bd8eccc8b83db
425	0x400	3	4	4	triangle_list	1	3372	1	3372	1124	0	0	killed_by_clip_or_cull	1	1	6	15	0	0x10001	0	0	1280	208	1	0	0	0	1280	208	0x80000	0x18002	0x43f	0x7e000000	640	639.75	-360	360.25	-1	1	45121b3c36158d3d	83946879170f9048
426	0x400	3	4	4	triangle_list	1	3372	1	3372	1124	19	0	rasterised_no_fragment	1	1	6	15	0	0x10001	0	0	1280	208	1	0	0	0	1280	208	0x80000	0x18002	0x43f	0x7e000000	640	639.75	-360	360.25	-1	1	45121b3c36158d3d	83946879170f9048
427	0x400	3	4	4	triangle_list	1	852	1	852	284	0	0	killed_by_clip_or_cull	1	1	6	15	0	0x10001	0	0	1280	208	1	0	0	0	1280	208	0x80000	0x18002	0x43f	0x7e000000	640	639.75	-360	360.25	-1	1	5fe9186101304387	c2b6fdc713336d45
428	0x400	3	4	4	triangle_list	1	6	1	6	2	0	0	killed_by_clip_or_cull	1	1	6	15	0	0x10001	0	0	1280	208	1	0	0	0	1280	208	0x80000	0x18002	0x43f	0x7e000000	640	639.75	-360	360.25	-1	1	5fe9186101304387	5e55f57229e66ab4
429	0x400	3	4	4	triangle_list	1	6	1	6	2	0	0	killed_by_clip_or_cull	1	1	6	15	0	0x10001	0	0	1280	208	1	0	0	0	1280	208	0x80000	0x18002	0x43f	0x7e000000	640	639.75	-360	360.25	-1	1	5fe9186101304387	5e55f57229e66ab4
430	0x400	3	4	4	triangle_list	1	6	1	6	2	0	0	killed_by_clip_or_cull	1	1	6	15	0	0x10001	0	0	1280	208	1	0	0	0	1280	208	0x80000	0x18002	0x43f	0x7e000000	640	639.75	-360	360.25	-1	1	5fe9186101304387	5e55f57229e66ab4
431	0x400	3	4	4	triangle_list	1	6	1	6	2	0	0	killed_by_clip_or_cull	1	1	6	15	0	0x10001	0	0	1280	208	1	0	0	0	1280	208	0x80000	0x18002	0x43f	0x7e000000	640	639.75	-360	360.25	-1	1	5fe9186101304387	5e55f57229e66ab4
432	0x400	3	4	4	triangle_list	1	6	1	6	2	0	0	killed_by_clip_or_cull	1	1	6	15	0	0x10001	0	0	1280	208	1	0	0	0	1280	208	0x80000	0x18002	0x43f	0x7e000000	640	639.75	-360	360.25	-1	1	5fe9186101304387	5e55f57229e66ab4
433	0x400	3	4	4	triangle_list	1	948	1	948	316	0	0	killed_by_clip_or_cull	1	1	6	15	0	0x10001	0	0	1280	208	1	0	0	0	1280	208	0x80000	0x18002	0x43f	0x7e000000	640	639.75	-360	360.25	-1	1	5fe9186101304387	681289f5233a419e
434	0x400	3	4	4	triangle_list	1	342	1	342	114	8	10769	shaded	1	1	6	15	0	0x10001	0	0	1280	208	1	0	0	0	1280	208	0x80000	0x18002	0x43f	0x7e000000	640	639.75	-360	360.25	-1	1	45121b3c36158d3d	1647df1cd18b7271
435	0x400	3	4	4	triangle_list	1	342	1	342	114	0	0	killed_by_clip_or_cull	1	1	6	15	0	0x10001	0	0	1280	208	1	0	0	0	1280	208	0x80000	0x18006	0x43f	0x7e000000	640	639.75	-360	360.25	-1	1	45121b3c36158d3d	1647df1cd18b7271
436	0x400	3	4	4	triangle_list	1	342	1	342	114	0	0	killed_by_clip_or_cull	1	1	6	15	0	0x10001	0	0	1280	208	1	0	0	0	1280	208	0x80000	0x18002	0x43f	0x7e000000	640	639.75	-360	360.25	-1	1	45121b3c36158d3d	1647df1cd18b7271
437	0x400	3	4	4	triangle_list	1	342	1	342	114	0	0	killed_by_clip_or_cull	1	1	6	15	0	0x10001	0	0	1280	208	1	0	0	0	1280	208	0x80000	0x18006	0x43f	0x7e000000	640	639.75	-360	360.25	-1	1	45121b3c36158d3d	1647df1cd18b7271
438	0x400	3	4	4	triangle_list	1	342	1	342	114	0	0	killed_by_clip_or_cull	1	1	6	15	0	0x10001	0	0	1280	208	1	0	0	0	1280	208	0x80000	0x18002	0x43f	0x7e000000	640	639.75	-360	360.25	-1	1	45121b3c36158d3d	1647df1cd18b7271
439	0x400	3	4	4	triangle_list	1	342	1	342	114	0	0	killed_by_clip_or_cull	1	1	6	15	0	0x10001	0	0	1280	208	1	0	0	0	1280	208	0x80000	0x18006	0x43f	0x7e000000	640	639.75	-360	360.25	-1	1	45121b3c36158d3d	1647df1cd18b7271
440	0x400	3	4	4	triangle_list	1	342	1	342	114	0	0	killed_by_clip_or_cull	1	1	6	15	0	0x10001	0	0	1280	208	1	0	0	0	1280	208	0x80000	0x18002	0x43f	0x7e000000	640	639.75	-360	360.25	-1	1	45121b3c36158d3d	1647df1cd18b7271
441	0x400	3	4	4	triangle_list	1	342	1	342	114	0	0	killed_by_clip_or_cull	1	1	6	15	0	0x10001	0	0	1280	208	1	0	0	0	1280	208	0x80000	0x18006	0x43f	0x7e000000	640	639.75	-360	360.25	-1	1	45121b3c36158d3d	1647df1cd18b7271
442	0x400	3	4	4	triangle_list	1	804	1	804	268	7	15581	shaded	1	1	6	15	0	0x10001	0	0	1280	208	1	0	0	0	1280	208	0x80000	0x18002	0x43f	0x7e000000	640	639.75	-360	360.25	-1	1	45121b3c36158d3d	a657492ede132731
443	0x400	3	4	4	triangle_list	1	804	1	804	268	0	0	killed_by_clip_or_cull	1	1	6	15	0	0x10001	0	0	1280	208	1	0	0	0	1280	208	0x80000	0x18002	0x43f	0x7e000000	640	639.75	-360	360.25	-1	1	45121b3c36158d3d	a657492ede132731
444	0x400	3	4	4	triangle_list	1	804	1	804	268	0	0	killed_by_clip_or_cull	1	1	6	15	0	0x10001	0	0	1280	208	1	0	0	0	1280	208	0x80000	0x18002	0x43f	0x7e000000	640	639.75	-360	360.25	-1	1	45121b3c36158d3d	a657492ede132731
445	0x400	3	4	4	triangle_list	1	804	1	804	268	0	0	killed_by_clip_or_cull	1	1	6	15	0	0x10001	0	0	1280	208	1	0	0	0	1280	208	0x80000	0x18002	0x43f	0x7e000000	640	639.75	-360	360.25	-1	1	45121b3c36158d3d	a657492ede132731
446	0x400	3	4	4	triangle_list	1	342	1	342	114	0	0	killed_by_clip_or_cull	1	1	6	15	0	0x10001	0	0	1280	208	1	0	0	0	1280	208	0x80000	0x18002	0x43f	0x7e000000	640	639.75	-360	360.25	-1	1	45121b3c36158d3d	ada78af5af7e3a2c
447	0x400	3	4	4	triangle_list	1	342	1	342	114	0	0	killed_by_clip_or_cull	1	1	6	15	0	0x10001	0	0	1280	208	1	0	0	0	1280	208	0x80000	0x18002	0x43f	0x7e000000	640	639.75	-360	360.25	-1	1	45121b3c36158d3d	ada78af5af7e3a2c
448	0x400	3	4	4	triangle_list	1	342	1	342	114	0	0	killed_by_clip_or_cull	1	1	6	15	0	0x10001	0	0	1280	208	1	0	0	0	1280	208	0x80000	0x18002	0x43f	0x7e000000	640	639.75	-360	360.25	-1	1	45121b3c36158d3d	ada78af5af7e3a2c
449	0x400	3	4	4	triangle_list	1	342	1	342	114	0	0	killed_by_clip_or_cull	1	1	6	15	0	0x10001	0	0	1280	208	1	0	0	0	1280	208	0x80000	0x18002	0x43f	0x7e000000	640	639.75	-360	360.25	-1	1	45121b3c36158d3d	ada78af5af7e3a2c
450	0x400	3	4	4	triangle_list	1	6906	1	6906	2302	12	190	shaded	1	1	6	15	0	0x10001	0	0	1280	208	1	0	0	0	1280	208	0x80000	0x18002	0x43f	0x7e000000	640	639.75	-360	360.25	-1	1	53e82dd9942af6	a19e185ca8e30dcb
451	0x400	3	4	4	triangle_list	1	6906	1	6906	2302	262	128508	shaded	1	1	6	15	0	0x10001	0	0	1280	208	1	0	0	0	1280	208	0x80000	0x18002	0x43f	0x7e000000	640	639.75	-360	360.25	-1	1	53e82dd9942af6	a19e185ca8e30dcb
452	0x400	3	4	4	triangle_list	1	6906	1	6906	2302	81	33925	shaded	1	1	6	15	0	0x10001	0	0	1280	208	1	0	0	0	1280	208	0x80000	0x18002	0x43f	0x7e000000	640	639.75	-360	360.25	-1	1	53e82dd9942af6	a19e185ca8e30dcb
453	0x400	3	4	4	triangle_list	1	81	1	81	27	0	0	killed_by_clip_or_cull	1	1	6	15	0	0x10001	0	0	1280	208	1	0	0	0	1280	208	0x80000	0x18002	0x43f	0x7e000000	640	639.75	-360	360.25	-1	1	cb3cec323318973e	9032c03923ec6477
454	0x400	3	4	4	triangle_list	1	72	1	72	24	0	0	killed_by_clip_or_cull	1	1	6	15	0	0x10001	0	0	1280	208	1	0	0	0	1280	208	0x80000	0x18002	0x43f	0x7e000000	640	639.75	-360	360.25	-1	1	cb3cec323318973e	9032c03923ec6477
455	0x400	3	4	4	triangle_list	1	75	1	75	25	0	0	killed_by_clip_or_cull	1	1	6	15	0	0x10001	0	0	1280	208	1	0	0	0	1280	208	0x80000	0x18002	0x43f	0x7e000000	640	639.75	-360	360.25	-1	1	cb3cec323318973e	9032c03923ec6477
456	0x400	3	4	4	triangle_list	1	24	1	24	8	0	0	killed_by_clip_or_cull	1	1	6	15	0	0x10001	0	0	1280	208	1	0	0	0	1280	208	0x80000	0x18002	0x43f	0x7e000000	640	639.75	-360	360.25	-1	1	cb3cec323318973e	9032c03923ec6477
457	0x400	3	4	4	triangle_list	1	24	1	24	8	0	0	killed_by_clip_or_cull	1	1	6	15	0	0x10001	0	0	1280	208	1	0	0	0	1280	208	0x80000	0x18002	0x43f	0x7e000000	640	639.75	-360	360.25	-1	1	cb3cec323318973e	9032c03923ec6477
458	0x400	3	4	4	triangle_list	1	63	1	63	21	0	0	killed_by_clip_or_cull	1	1	6	15	0	0x10001	0	0	1280	208	1	0	0	0	1280	208	0x80000	0x18002	0x43f	0x7e000000	640	639.75	-360	360.25	-1	1	cb3cec323318973e	725b3aa11a40486b
459	0x400	3	4	4	triangle_list	1	15	1	15	5	0	0	killed_by_clip_or_cull	1	1	6	15	0	0x10001	0	0	1280	208	1	0	0	0	1280	208	0x80000	0x18002	0x43f	0x7e000000	640	639.75	-360	360.25	-1	1	cb3cec323318973e	725b3aa11a40486b
460	0x400	3	4	4	triangle_list	1	48	1	48	16	0	0	killed_by_clip_or_cull	1	1	6	15	0	0x10001	0	0	1280	208	1	0	0	0	1280	208	0x80000	0x18002	0x43f	0x7e000000	640	639.75	-360	360.25	-1	1	cb3cec323318973e	725b3aa11a40486b
461	0x400	3	4	4	triangle_list	1	96	1	96	32	0	0	killed_by_clip_or_cull	1	1	6	15	0	0x10001	0	0	1280	208	1	0	0	0	1280	208	0x80000	0x18002	0x43f	0x7e000000	640	639.75	-360	360.25	-1	1	cb3cec323318973e	725b3aa11a40486b
462	0x400	3	4	4	triangle_list	1	45	1	45	15	3	327	shaded	1	1	6	15	0	0x10001	0	0	1280	208	1	0	0	0	1280	208	0x80000	0x18002	0x43f	0x7e000000	640	639.75	-360	360.25	-1	1	cb3cec323318973e	452a048ed3430fe
463	0x400	3	4	4	triangle_list	1	111	1	111	37	4	71262	shaded	1	1	6	15	0	0x10001	0	0	1280	208	1	0	0	0	1280	208	0x80000	0x18002	0x43f	0x7e000000	640	639.75	-360	360.25	-1	1	cb3cec323318973e	452a048ed3430fe
464	0x400	3	4	4	triangle_list	1	108	1	108	36	0	0	killed_by_clip_or_cull	1	1	6	15	0	0x10001	0	0	1280	208	1	0	0	0	1280	208	0x80000	0x18002	0x43f	0x7e000000	640	639.75	-360	360.25	-1	1	cb3cec323318973e	452a048ed3430fe
465	0x400	3	4	4	triangle_list	1	78	1	78	26	0	0	killed_by_clip_or_cull	1	1	6	15	0	0x10001	0	0	1280	208	1	0	0	0	1280	208	0x80000	0x18002	0x43f	0x7e000000	640	639.75	-360	360.25	-1	1	cb3cec323318973e	452a048ed3430fe
466	0x400	3	4	4	triangle_list	1	12	1	12	4	0	0	killed_by_clip_or_cull	1	1	6	15	0	0x10001	0	0	1280	208	1	0	0	0	1280	208	0x80000	0x18002	0x43f	0x7e000000	640	639.75	-360	360.25	-1	1	cb3cec323318973e	452a048ed3430fe
467	0x400	3	4	4	triangle_list	1	24	1	24	8	0	0	killed_by_clip_or_cull	1	1	6	15	0	0x10001	0	0	1280	208	1	0	0	0	1280	208	0x80000	0x18002	0x43f	0x7e000000	640	639.75	-360	360.25	-1	1	cb3cec323318973e	452a048ed3430fe
468	0x400	3	4	4	triangle_list	1	153	1	153	51	0	0	killed_by_clip_or_cull	1	1	6	15	0	0x10001	0	0	1280	208	1	0	0	0	1280	208	0x80000	0x18002	0x43f	0x7e000000	640	639.75	-360	360.25	-1	1	cb3cec323318973e	452a048ed3430fe
469	0x400	3	4	4	triangle_list	1	33	1	33	11	0	0	killed_by_clip_or_cull	1	1	6	15	0	0x10001	0	0	1280	208	1	0	0	0	1280	208	0x80000	0x18002	0x43f	0x7e000000	640	639.75	-360	360.25	-1	1	cb3cec323318973e	452a048ed3430fe
470	0x400	3	4	4	triangle_list	1	207	1	207	69	0	0	killed_by_clip_or_cull	1	1	6	15	0	0x10001	0	0	1280	208	1	0	0	0	1280	208	0x80000	0x18002	0x43f	0x7e000000	640	639.75	-360	360.25	-1	1	cb3cec323318973e	452a048ed3430fe
471	0x400	3	4	4	triangle_list	1	27	1	27	9	0	0	killed_by_clip_or_cull	1	1	6	15	0	0x10001	0	0	1280	208	1	0	0	0	1280	208	0x80000	0x18002	0x43f	0x7e000000	640	639.75	-360	360.25	-1	1	cb3cec323318973e	452a048ed3430fe
472	0x400	3	4	4	triangle_list	1	6	1	6	2	0	0	killed_by_clip_or_cull	1	1	6	15	0	0x10001	0	0	1280	208	1	0	0	0	1280	208	0x80000	0x18002	0x43f	0x7e000000	640	639.75	-360	360.25	-1	1	cb3cec323318973e	452a048ed3430fe
473	0x400	3	4	4	triangle_list	1	153	1	153	51	0	0	killed_by_clip_or_cull	1	1	6	15	0	0x10001	0	0	1280	208	1	0	0	0	1280	208	0x80000	0x18002	0x43f	0x7e000000	640	639.75	-360	360.25	-1	1	cb3cec323318973e	63dc93a9c0911b7f
474	0x400	3	4	4	triangle_list	1	120	1	120	40	0	0	killed_by_clip_or_cull	1	1	6	15	0	0x10001	0	0	1280	208	1	0	0	0	1280	208	0x80000	0x18002	0x43f	0x7e000000	640	639.75	-360	360.25	-1	1	cb3cec323318973e	63dc93a9c0911b7f
475	0x400	3	4	4	triangle_list	1	15	1	15	5	0	0	killed_by_clip_or_cull	1	1	6	15	0	0x10001	0	0	1280	208	1	0	0	0	1280	208	0x80000	0x18002	0x43f	0x7e000000	640	639.75	-360	360.25	-1	1	cb3cec323318973e	63dc93a9c0911b7f
476	0x400	3	4	4	triangle_list	1	42	1	42	14	0	0	killed_by_clip_or_cull	1	1	6	15	0	0x10001	0	0	1280	208	1	0	0	0	1280	208	0x80000	0x18002	0x43f	0x7e000000	640	639.75	-360	360.25	-1	1	cb3cec323318973e	1f1a3f779667a02a
477	0x400	3	4	4	triangle_list	1	24	1	24	8	7	33843	shaded	1	1	6	15	0	0x10001	0	0	1280	208	1	0	0	0	1280	208	0x80000	0x18002	0x43f	0x7e000000	640	639.75	-360	360.25	-1	1	cb3cec323318973e	1f1a3f779667a02a
478	0x400	3	4	4	triangle_list	1	18	1	18	6	3	0	rasterised_no_fragment	1	1	6	15	0	0x10001	0	0	1280	208	1	0	0	0	1280	208	0x80000	0x18002	0x43f	0x7e000000	640	639.75	-360	360.25	-1	1	cb3cec323318973e	1f1a3f779667a02a
479	0x400	3	4	4	triangle_list	1	84	1	84	28	0	0	killed_by_clip_or_cull	1	1	6	15	0	0x10001	0	0	1280	208	1	0	0	0	1280	208	0x80000	0x18002	0x43f	0x7e000000	640	639.75	-360	360.25	-1	1	cb3cec323318973e	1f1a3f779667a02a
480	0x400	3	4	4	triangle_list	1	36	1	36	12	0	0	killed_by_clip_or_cull	1	1	6	15	0	0x10001	0	0	1280	208	1	0	0	0	1280	208	0x80000	0x18002	0x43f	0x7e000000	640	639.75	-360	360.25	-1	1	cb3cec323318973e	1f1a3f779667a02a
481	0x400	3	4	4	triangle_list	1	6	1	6	2	0	0	killed_by_clip_or_cull	1	1	6	15	0	0x10001	0	0	1280	208	1	0	0	0	1280	208	0x80000	0x18002	0x43f	0x7e000000	640	639.75	-360	360.25	-1	1	cb3cec323318973e	1f1a3f779667a02a
482	0x400	3	4	4	triangle_list	1	12	1	12	4	0	0	killed_by_clip_or_cull	1	1	6	15	0	0x10001	0	0	1280	208	1	0	0	0	1280	208	0x80000	0x18002	0x43f	0x7e000000	640	639.75	-360	360.25	-1	1	cb3cec323318973e	1f1a3f779667a02a
483	0x400	3	4	4	triangle_list	1	6	1	6	2	0	0	killed_by_clip_or_cull	1	1	6	15	0	0x10001	0	0	1280	208	1	0	0	0	1280	208	0x80000	0x18002	0x43f	0x7e000000	640	639.75	-360	360.25	-1	1	cb3cec323318973e	1f1a3f779667a02a
484	0x400	3	4	4	triangle_list	1	72	1	72	24	0	0	killed_by_clip_or_cull	1	1	6	15	0	0x10001	0	0	1280	208	1	0	0	0	1280	208	0x80000	0x18002	0x43f	0x7e000000	640	639.75	-360	360.25	-1	1	cb3cec323318973e	1f1a3f779667a02a
485	0x400	3	4	4	triangle_list	1	72	1	72	24	0	0	killed_by_clip_or_cull	1	1	6	15	0	0x10001	0	0	1280	208	1	0	0	0	1280	208	0x80000	0x18002	0x43f	0x7e000000	640	639.75	-360	360.25	-1	1	cb3cec323318973e	1f1a3f779667a02a
486	0x400	3	4	4	triangle_list	1	18	1	18	6	0	0	killed_by_clip_or_cull	1	1	6	15	0	0x10001	0	0	1280	208	1	0	0	0	1280	208	0x80000	0x18002	0x43f	0x7e000000	640	639.75	-360	360.25	-1	1	cb3cec323318973e	1f1a3f779667a02a
487	0x400	3	4	4	triangle_list	1	348	1	348	116	0	0	killed_by_clip_or_cull	1	1	6	15	0	0x10001	0	0	1280	208	1	0	0	0	1280	208	0x80000	0x18002	0x43f	0x7e000000	640	639.75	-360	360.25	-1	1	cb3cec323318973e	1f1a3f779667a02a
488	0x400	3	4	4	triangle_list	1	375	1	375	125	0	0	killed_by_clip_or_cull	1	1	6	15	0	0x10001	0	0	1280	208	1	0	0	0	1280	208	0x80000	0x18002	0x43f	0x7e000000	640	639.75	-360	360.25	-1	1	cb3cec323318973e	1f1a3f779667a02a
489	0x400	3	4	4	triangle_list	1	162	1	162	54	0	0	killed_by_clip_or_cull	1	1	6	15	0	0x10001	0	0	1280	208	1	0	0	0	1280	208	0x80000	0x18002	0x43f	0x7e000000	640	639.75	-360	360.25	-1	1	cb3cec323318973e	1f1a3f779667a02a
490	0x400	3	4	4	triangle_list	1	60	1	60	20	0	0	killed_by_clip_or_cull	1	1	6	15	0	0x10001	0	0	1280	208	1	0	0	0	1280	208	0x80000	0x18002	0x43f	0x7e000000	640	639.75	-360	360.25	-1	1	cb3cec323318973e	1f1a3f779667a02a
491	0x400	3	4	4	triangle_list	1	729	1	729	243	0	0	killed_by_clip_or_cull	1	1	6	15	0	0x10001	0	0	1280	208	1	0	0	0	1280	208	0x80000	0x18002	0x43f	0x7e000000	640	639.75	-360	360.25	-1	1	cb3cec323318973e	1f1a3f779667a02a
492	0x400	3	4	4	triangle_list	1	42	1	42	14	0	0	killed_by_clip_or_cull	1	1	6	15	0	0x10001	0	0	1280	208	1	0	0	0	1280	208	0x80000	0x18002	0x43f	0x7e000000	640	639.75	-360	360.25	-1	1	cb3cec323318973e	1f1a3f779667a02a
493	0x400	3	4	4	triangle_list	1	30	1	30	10	0	0	killed_by_clip_or_cull	1	1	6	15	0	0x10001	0	0	1280	208	1	0	0	0	1280	208	0x80000	0x18002	0x43f	0x7e000000	640	639.75	-360	360.25	-1	1	cb3cec323318973e	1f1a3f779667a02a
494	0x400	3	4	4	triangle_list	1	60	1	60	20	0	0	killed_by_clip_or_cull	1	1	6	15	0	0x10001	0	0	1280	208	1	0	0	0	1280	208	0x80000	0x18002	0x43f	0x7e000000	640	639.75	-360	360.25	-1	1	cb3cec323318973e	1f1a3f779667a02a
495	0x400	3	4	4	triangle_list	1	33	1	33	11	0	0	killed_by_clip_or_cull	1	1	6	15	0	0x10001	0	0	1280	208	1	0	0	0	1280	208	0x80000	0x18002	0x43f	0x7e000000	640	639.75	-360	360.25	-1	1	cb3cec323318973e	1f1a3f779667a02a
496	0x400	3	4	4	triangle_list	1	24	1	24	8	0	0	killed_by_clip_or_cull	1	1	6	15	0	0x10001	0	0	1280	208	1	0	0	0	1280	208	0x80000	0x18002	0x43f	0x7e000000	640	639.75	-360	360.25	-1	1	cb3cec323318973e	1f1a3f779667a02a
497	0x400	3	4	4	triangle_list	1	6	1	6	2	0	0	killed_by_clip_or_cull	1	1	6	15	0	0x10001	0	0	1280	208	1	0	0	0	1280	208	0x80000	0x18002	0x43f	0x7e000000	640	639.75	-360	360.25	-1	1	cb3cec323318973e	fac465921e3c5c30
498	0x400	3	4	4	triangle_list	1	6	1	6	2	0	0	killed_by_clip_or_cull	1	1	6	15	0	0x10001	0	0	1280	208	1	0	0	0	1280	208	0x80000	0x18002	0x43f	0x7e000000	640	639.75	-360	360.25	-1	1	cb3cec323318973e	fac465921e3c5c30
499	0x400	3	4	4	triangle_list	1	12	1	12	4	0	0	killed_by_clip_or_cull	1	1	6	15	0	0x10001	0	0	1280	208	1	0	0	0	1280	208	0x80000	0x18002	0x43f	0x7e000000	640	639.75	-360	360.25	-1	1	cb3cec323318973e	fac465921e3c5c30
500	0x400	3	4	4	triangle_list	1	6	1	6	2	0	0	killed_by_clip_or_cull	1	1	6	15	0	0x10001	0	0	1280	208	1	0	0	0	1280	208	0x80000	0x18002	0x43f	0x7e000000	640	639.75	-360	360.25	-1	1	cb3cec323318973e	fac465921e3c5c30
501	0x400	3	4	4	triangle_list	1	24	1	24	8	0	0	killed_by_clip_or_cull	1	1	6	15	0	0x10001	0	0	1280	208	1	0	0	0	1280	208	0x80000	0x18002	0x43f	0x7e000000	640	639.75	-360	360.25	-1	1	cb3cec323318973e	2fa65d0a17f1335
502	0x400	3	4	4	triangle_list	1	78	1	78	26	0	0	killed_by_clip_or_cull	1	1	6	15	0	0x10001	0	0	1280	208	1	0	0	0	1280	208	0x80000	0x18002	0x43f	0x7e000000	640	639.75	-360	360.25	-1	1	cb3cec323318973e	2fa65d0a17f1335
503	0x400	3	4	4	triangle_list	1	18	1	18	6	0	0	killed_by_clip_or_cull	1	1	6	15	0	0x10001	0	0	1280	208	1	0	0	0	1280	208	0x80000	0x18002	0x43f	0x7e000000	640	639.75	-360	360.25	-1	1	cb3cec323318973e	2fa65d0a17f1335
504	0x400	3	4	4	triangle_list	1	12	1	12	4	0	0	killed_by_clip_or_cull	1	1	6	15	0	0x10001	0	0	1280	208	1	0	0	0	1280	208	0x80000	0x18002	0x43f	0x7e000000	640	639.75	-360	360.25	-1	1	cb3cec323318973e	2fa65d0a17f1335
505	0x400	3	4	4	triangle_list	1	48	1	48	16	0	0	killed_by_clip_or_cull	1	1	6	15	0	0x10001	0	0	1280	208	1	0	0	0	1280	208	0x80000	0x18002	0x43f	0x7e000000	640	639.75	-360	360.25	-1	1	cb3cec323318973e	2fa65d0a17f1335
506	0x400	3	4	4	triangle_list	1	144	1	144	48	0	0	killed_by_clip_or_cull	1	1	6	15	0	0x10001	0	0	1280	208	1	0	0	0	1280	208	0x80000	0x18002	0x43f	0x7e000000	640	639.75	-360	360.25	-1	1	cb3cec323318973e	2fa65d0a17f1335
507	0x400	3	4	4	triangle_list	1	48	1	48	16	0	0	killed_by_clip_or_cull	1	1	6	15	0	0x10001	0	0	1280	208	1	0	0	0	1280	208	0x80000	0x18002	0x43f	0x7e000000	640	639.75	-360	360.25	-1	1	cb3cec323318973e	2fa65d0a17f1335
508	0x400	3	4	4	triangle_list	1	12	1	12	4	0	0	killed_by_clip_or_cull	1	1	6	15	0	0x10001	0	0	1280	208	1	0	0	0	1280	208	0x80000	0x18002	0x43f	0x7e000000	640	639.75	-360	360.25	-1	1	cb3cec323318973e	2fa65d0a17f1335
509	0x400	3	4	4	triangle_list	1	42	1	42	14	0	0	killed_by_clip_or_cull	1	1	6	15	0	0x10001	0	0	1280	208	1	0	0	0	1280	208	0x80000	0x18002	0x43f	0x7e000000	640	639.75	-360	360.25	-1	1	cb3cec323318973e	d99a15450a08043a
510	0x400	3	4	4	triangle_list	1	12	1	12	4	0	0	killed_by_clip_or_cull	1	1	6	15	0	0x10001	0	0	1280	208	1	0	0	0	1280	208	0x80000	0x18002	0x43f	0x7e000000	640	639.75	-360	360.25	-1	1	cb3cec323318973e	d99a15450a08043a
511	0x400	3	4	4	triangle_list	1	126	1	126	42	12	102389	shaded	1	1	6	15	0	0x10001	0	0	1280	208	1	0	0	0	1280	208	0x80000	0x18002	0x43f	0x7e000000	640	639.75	-360	360.25	-1	1	cb3cec323318973e	d99a15450a08043a
512	0x400	3	4	4	triangle_list	1	6	1	6	2	0	0	killed_by_clip_or_cull	1	1	6	15	0	0x10001	0	0	1280	208	1	0	0	0	1280	208	0x80000	0x18002	0x43f	0x7e000000	640	639.75	-360	360.25	-1	1	cb3cec323318973e	d99a15450a08043a
513	0x400	3	4	4	triangle_list	1	21	1	21	7	0	0	killed_by_clip_or_cull	1	1	6	15	0	0x10001	0	0	1280	208	1	0	0	0	1280	208	0x80000	0x18002	0x43f	0x7e000000	640	639.75	-360	360.25	-1	1	cb3cec323318973e	d99a15450a08043a
514	0x400	3	4	4	triangle_list	1	6	1	6	2	0	0	killed_by_clip_or_cull	1	1	6	15	0	0x10001	0	0	1280	208	1	0	0	0	1280	208	0x80000	0x18002	0x43f	0x7e000000	640	639.75	-360	360.25	-1	1	cb3cec323318973e	d99a15450a08043a
515	0x400	3	4	4	triangle_list	1	117	1	117	39	4	14680	shaded	1	1	6	15	0	0x10001	0	0	1280	208	1	0	0	0	1280	208	0x80000	0x18002	0x43f	0x7e000000	640	639.75	-360	360.25	-1	1	cb3cec323318973e	d99a15450a08043a
516	0x400	3	4	4	triangle_list	1	12	1	12	4	0	0	killed_by_clip_or_cull	1	1	6	15	0	0x10001	0	0	1280	208	1	0	0	0	1280	208	0x80000	0x18002	0x43f	0x7e000000	640	639.75	-360	360.25	-1	1	cb3cec323318973e	d99a15450a08043a
517	0x400	3	4	4	triangle_list	1	18	1	18	6	0	0	killed_by_clip_or_cull	1	1	6	15	0	0x10001	0	0	1280	208	1	0	0	0	1280	208	0x80000	0x18002	0x43f	0x7e000000	640	639.75	-360	360.25	-1	1	cb3cec323318973e	d99a15450a08043a
518	0x400	3	4	4	triangle_list	1	12	1	12	4	0	0	killed_by_clip_or_cull	1	1	6	15	0	0x10001	0	0	1280	208	1	0	0	0	1280	208	0x80000	0x18002	0x43f	0x7e000000	640	639.75	-360	360.25	-1	1	cb3cec323318973e	d99a15450a08043a
519	0x400	3	4	4	triangle_list	1	45	1	45	15	0	0	killed_by_clip_or_cull	1	1	6	15	0	0x10001	0	0	1280	208	1	0	0	0	1280	208	0x80000	0x18002	0x43f	0x7e000000	640	639.75	-360	360.25	-1	1	cb3cec323318973e	6e6d4e0d3cf6360b
520	0x400	3	4	4	triangle_list	1	6	1	6	2	0	0	killed_by_clip_or_cull	1	1	6	15	0	0x10001	0	0	1280	208	1	0	0	0	1280	208	0x80000	0x18002	0x43f	0x7e000000	640	639.75	-360	360.25	-1	1	cb3cec323318973e	6e6d4e0d3cf6360b
521	0x400	3	4	4	triangle_list	1	21	1	21	7	0	0	killed_by_clip_or_cull	1	1	6	15	0	0x10001	0	0	1280	208	1	0	0	0	1280	208	0x80000	0x18002	0x43f	0x7e000000	640	639.75	-360	360.25	-1	1	cb3cec323318973e	6e6d4e0d3cf6360b
522	0x400	3	4	4	triangle_list	1	12	1	12	4	0	0	killed_by_clip_or_cull	1	1	6	15	0	0x10001	0	0	1280	208	1	0	0	0	1280	208	0x80000	0x18002	0x43f	0x7e000000	640	639.75	-360	360.25	-1	1	cb3cec323318973e	ffdafff8542ddcd6
523	0x400	3	4	4	triangle_list	1	12	1	12	4	2	51516	shaded	1	1	6	15	0	0x10001	0	0	1280	208	1	0	0	0	1280	208	0x80000	0x18002	0x43f	0x7e000000	640	639.75	-360	360.25	-1	1	cb3cec323318973e	ffdafff8542ddcd6
524	0x400	3	4	4	triangle_list	1	6	1	6	2	2	13932	shaded	1	1	6	15	0	0x10001	0	0	1280	208	1	0	0	0	1280	208	0x80000	0x18002	0x43f	0x7e000000	640	639.75	-360	360.25	-1	1	cb3cec323318973e	ffdafff8542ddcd6
525	0x400	3	4	4	triangle_list	1	27	1	27	9	0	0	killed_by_clip_or_cull	1	1	6	15	0	0x10001	0	0	1280	208	1	0	0	0	1280	208	0x80000	0x18002	0x43f	0x7e000000	640	639.75	-360	360.25	-1	1	cb3cec323318973e	ffdafff8542ddcd6
526	0x400	3	4	4	triangle_list	1	24	1	24	8	0	0	killed_by_clip_or_cull	1	1	6	15	0	0x10001	0	0	1280	208	1	0	0	0	1280	208	0x80000	0x18002	0x43f	0x7e000000	640	639.75	-360	360.25	-1	1	cb3cec323318973e	ffdafff8542ddcd6
527	0x400	3	4	4	triangle_list	1	12	1	12	4	0	0	killed_by_clip_or_cull	1	1	6	15	0	0x10001	0	0	1280	208	1	0	0	0	1280	208	0x80000	0x18002	0x43f	0x7e000000	640	639.75	-360	360.25	-1	1	cb3cec323318973e	ffdafff8542ddcd6
528	0x400	3	4	4	triangle_list	1	33	1	33	11	0	0	killed_by_clip_or_cull	1	1	6	15	0	0x10001	0	0	1280	208	1	0	0	0	1280	208	0x80000	0x18002	0x43f	0x7e000000	640	639.75	-360	360.25	-1	1	cb3cec323318973e	ffdafff8542ddcd6
529	0x400	3	4	4	triangle_list	1	12	1	12	4	0	0	killed_by_clip_or_cull	1	1	6	15	0	0x10001	0	0	1280	208	1	0	0	0	1280	208	0x80000	0x18002	0x43f	0x7e000000	640	639.75	-360	360.25	-1	1	cb3cec323318973e	ffdafff8542ddcd6
530	0x400	3	4	4	triangle_list	1	45	1	45	15	0	0	killed_by_clip_or_cull	1	1	6	15	0	0x10001	0	0	1280	208	1	0	0	0	1280	208	0x80000	0x18002	0x43f	0x7e000000	640	639.75	-360	360.25	-1	1	cb3cec323318973e	ffdafff8542ddcd6
531	0x400	3	4	4	triangle_list	1	21	1	21	7	0	0	killed_by_clip_or_cull	1	1	6	15	0	0x10001	0	0	1280	208	1	0	0	0	1280	208	0x80000	0x18002	0x43f	0x7e000000	640	639.75	-360	360.25	-1	1	cb3cec323318973e	ffdafff8542ddcd6
532	0x400	3	4	4	triangle_list	1	6	1	6	2	0	0	killed_by_clip_or_cull	1	1	6	15	0	0x10001	0	0	1280	208	1	0	0	0	1280	208	0x80000	0x18002	0x43f	0x7e000000	640	639.75	-360	360.25	-1	1	cb3cec323318973e	ffdafff8542ddcd6
533	0x400	3	4	4	triangle_list	1	6	1	6	2	2	9113	shaded	1	1	6	15	0	0x10001	0	0	1280	208	1	0	0	0	1280	208	0x80000	0x18002	0x43f	0x7e000000	640	639.75	-360	360.25	-1	1	cb3cec323318973e	edcd6dae5e3b1817
534	0x400	3	4	4	triangle_list	1	6	1	6	2	2	0	rasterised_no_fragment	1	1	6	15	0	0x10001	0	0	1280	208	1	0	0	0	1280	208	0x80000	0x18006	0x43f	0x7e000000	640	639.75	-360	360.25	-1	1	cb3cec323318973e	edcd6dae5e3b1817
535	0x400	3	4	4	triangle_list	1	18	1	18	6	0	0	killed_by_clip_or_cull	1	1	6	15	0	0x10001	0	0	1280	208	1	0	0	0	1280	208	0x80000	0x18002	0x43f	0x7e000000	640	639.75	-360	360.25	-1	1	cb3cec323318973e	d179eef695855862
536	0x400	3	4	4	triangle_list	1	6	1	6	2	0	0	killed_by_clip_or_cull	1	1	6	15	0	0x10001	0	0	1280	208	1	0	0	0	1280	208	0x80000	0x18002	0x43f	0x7e000000	640	639.75	-360	360.25	-1	1	cb3cec323318973e	d179eef695855862
537	0x400	3	4	4	triangle_list	1	6	1	6	2	0	0	killed_by_clip_or_cull	1	1	6	15	0	0x10001	0	0	1280	208	1	0	0	0	1280	208	0x80000	0x18002	0x43f	0x7e000000	640	639.75	-360	360.25	-1	1	cb3cec323318973e	e656f085e888dee5
538	0x400	3	4	4	triangle_list	1	6	1	6	2	0	0	killed_by_clip_or_cull	1	1	6	15	0	0x10001	0	0	1280	208	1	0	0	0	1280	208	0x80000	0x18002	0x43f	0x7e000000	640	639.75	-360	360.25	-1	1	cb3cec323318973e	e656f085e888dee5
539	0x400	3	4	4	triangle_list	1	6	1	6	2	0	0	killed_by_clip_or_cull	1	1	6	15	0	0x10001	0	0	1280	208	1	0	0	0	1280	208	0x80000	0x18002	0x43f	0x7e000000	640	639.75	-360	360.25	-1	1	cb3cec323318973e	e656f085e888dee5
540	0x400	3	4	4	triangle_list	1	6	1	6	2	0	0	killed_by_clip_or_cull	1	1	6	15	0	0x10001	0	0	1280	208	1	0	0	0	1280	208	0x80000	0x18002	0x43f	0x7e000000	640	639.75	-360	360.25	-1	1	cb3cec323318973e	e656f085e888dee5
541	0x400	3	4	4	triangle_list	1	6	1	6	2	0	0	killed_by_clip_or_cull	1	1	6	15	0	0x10001	0	0	1280	208	1	0	0	0	1280	208	0x80000	0x18002	0x43f	0x7e000000	640	639.75	-360	360.25	-1	1	cb3cec323318973e	a22f20cc1907753e
542	0x400	3	4	4	triangle_list	1	6	1	6	2	0	0	killed_by_clip_or_cull	1	1	6	15	0	0x10001	0	0	1280	208	1	0	0	0	1280	208	0x80000	0x18002	0x43f	0x7e000000	640	639.75	-360	360.25	-1	1	cb3cec323318973e	a22f20cc1907753e
543	0x400	3	4	4	triangle_list	1	12	1	12	4	0	0	killed_by_clip_or_cull	1	1	6	15	0	0x10001	0	0	1280	208	1	0	0	0	1280	208	0x80000	0x18002	0x43f	0x7e000000	640	639.75	-360	360.25	-1	1	cb3cec323318973e	a22f20cc1907753e
544	0x400	3	4	4	triangle_list	1	18	1	18	6	1	0	rasterised_no_fragment	1	1	6	15	0	0x10001	0	0	1280	208	1	0	0	0	1280	208	0x80000	0x18002	0x43f	0x7e000000	640	639.75	-360	360.25	-1	1	cb3cec323318973e	80763fc6533a277e
545	0x400	3	4	4	triangle_list	1	12	1	12	4	2	31219	shaded	1	1	6	15	0	0x10001	0	0	1280	208	1	0	0	0	1280	208	0x80000	0x18002	0x43f	0x7e000000	640	639.75	-360	360.25	-1	1	cb3cec323318973e	80763fc6533a277e
546	0x400	3	4	4	triangle_list	1	18	1	18	6	0	0	killed_by_clip_or_cull	1	1	6	15	0	0x10001	0	0	1280	208	1	0	0	0	1280	208	0x80000	0x18002	0x43f	0x7e000000	640	639.75	-360	360.25	-1	1	cb3cec323318973e	80763fc6533a277e
547	0x400	3	4	4	triangle_list	1	6	1	6	2	0	0	killed_by_clip_or_cull	1	1	6	15	0	0x10001	0	0	1280	208	1	0	0	0	1280	208	0x80000	0x18002	0x43f	0x7e000000	640	639.75	-360	360.25	-1	1	cb3cec323318973e	80763fc6533a277e
548	0x400	3	4	4	triangle_list	1	12	1	12	4	0	0	killed_by_clip_or_cull	1	1	6	15	0	0x10001	0	0	1280	208	1	0	0	0	1280	208	0x80000	0x18002	0x43f	0x7e000000	640	639.75	-360	360.25	-1	1	cb3cec323318973e	80763fc6533a277e
549	0x400	3	4	4	triangle_list	1	96	1	96	32	0	0	killed_by_clip_or_cull	1	1	6	15	0	0x10001	0	0	1280	208	1	0	0	0	1280	208	0x80000	0x18002	0x43f	0x7e000000	640	639.75	-360	360.25	-1	1	cb3cec323318973e	80763fc6533a277e
550	0x400	3	4	4	triangle_list	1	18	1	18	6	0	0	killed_by_clip_or_cull	1	1	6	15	0	0x10001	0	0	1280	208	1	0	0	0	1280	208	0x80000	0x18002	0x43f	0x7e000000	640	639.75	-360	360.25	-1	1	cb3cec323318973e	7398f9371e5d344a
551	0x400	3	4	4	triangle_list	1	15	1	15	5	0	0	killed_by_clip_or_cull	1	1	6	15	0	0x10001	0	0	1280	208	1	0	0	0	1280	208	0x80000	0x18002	0x43f	0x7e000000	640	639.75	-360	360.25	-1	1	cb3cec323318973e	7398f9371e5d344a
552	0x400	3	4	4	triangle_list	1	39	1	39	13	0	0	killed_by_clip_or_cull	1	1	6	15	0	0x10001	0	0	1280	208	1	0	0	0	1280	208	0x80000	0x18002	0x43f	0x7e000000	640	639.75	-360	360.25	-1	1	cb3cec323318973e	7398f9371e5d344a
553	0x400	3	4	4	triangle_list	1	78	1	78	26	0	0	killed_by_clip_or_cull	1	1	6	15	0	0x10001	0	0	1280	208	1	0	0	0	1280	208	0x80000	0x18002	0x43f	0x7e000000	640	639.75	-360	360.25	-1	1	cb3cec323318973e	7398f9371e5d344a
554	0x400	3	4	4	triangle_list	1	24	1	24	8	0	0	killed_by_clip_or_cull	1	1	6	15	0	0x10001	0	0	1280	208	1	0	0	0	1280	208	0x80000	0x18002	0x43f	0x7e000000	640	639.75	-360	360.25	-1	1	cb3cec323318973e	7398f9371e5d344a
555	0x400	3	4	4	triangle_list	1	39	1	39	13	0	0	killed_by_clip_or_cull	1	1	6	15	0	0x10001	0	0	1280	208	1	0	0	0	1280	208	0x80000	0x18002	0x43f	0x7e000000	640	639.75	-360	360.25	-1	1	cb3cec323318973e	7398f9371e5d344a
556	0x400	3	4	4	triangle_list	1	6	1	6	2	0	0	killed_by_clip_or_cull	1	1	6	15	0	0x10001	0	0	1280	208	1	0	0	0	1280	208	0x80000	0x18002	0x43f	0x7e000000	640	639.75	-360	360.25	-1	1	cb3cec323318973e	7398f9371e5d344a
557	0x400	3	4	4	triangle_list	1	6	1	6	2	0	0	killed_by_clip_or_cull	1	1	6	15	0	0x10001	0	0	1280	208	1	0	0	0	1280	208	0x80000	0x18002	0x43f	0x7e000000	640	639.75	-360	360.25	-1	1	cb3cec323318973e	7398f9371e5d344a
558	0x400	3	4	4	triangle_list	1	6	1	6	2	0	0	killed_by_clip_or_cull	1	1	6	15	0	0x10001	0	0	1280	208	1	0	0	0	1280	208	0x80000	0x18002	0x43f	0x7e000000	640	639.75	-360	360.25	-1	1	d4d5cce7d665c309	8f05fe7cef2c0ea8
559	0x400	3	4	4	triangle_list	1	6	1	6	2	0	0	killed_by_clip_or_cull	1	1	6	15	0	0x10001	0	0	1280	208	1	0	0	0	1280	208	0x80000	0x18002	0x43f	0x7e000000	640	639.75	-360	360.25	-1	1	d4d5cce7d665c309	8f05fe7cef2c0ea8
560	0x400	3	4	4	triangle_list	1	6	1	6	2	0	0	killed_by_clip_or_cull	1	1	6	15	0	0x10001	0	0	1280	208	1	0	0	0	1280	208	0x80000	0x18002	0x43f	0x7e000000	640	639.75	-360	360.25	-1	1	d4d5cce7d665c309	8f05fe7cef2c0ea8
561	0x400	3	4	4	triangle_list	1	6	1	6	2	0	0	killed_by_clip_or_cull	1	1	6	15	0	0x10001	0	0	1280	208	1	0	0	0	1280	208	0x80000	0x18002	0x43f	0x7e000000	640	639.75	-360	360.25	-1	1	d4d5cce7d665c309	8f05fe7cef2c0ea8
562	0x400	3	4	4	triangle_list	1	6	1	6	2	0	0	killed_by_clip_or_cull	1	1	6	15	0	0x10001	0	0	1280	208	1	0	0	0	1280	208	0x80000	0x18002	0x43f	0x7e000000	640	639.75	-360	360.25	-1	1	d4d5cce7d665c309	8f05fe7cef2c0ea8
563	0x400	3	4	4	triangle_list	1	6	1	6	2	0	0	killed_by_clip_or_cull	1	1	6	15	0	0x10001	0	0	1280	208	1	0	0	0	1280	208	0x80000	0x18002	0x43f	0x7e000000	640	639.75	-360	360.25	-1	1	d4d5cce7d665c309	8f05fe7cef2c0ea8
564	0x400	3	4	4	triangle_list	1	6	1	6	2	0	0	killed_by_clip_or_cull	1	1	6	15	0	0x10001	0	0	1280	208	1	0	0	0	1280	208	0x80000	0x18002	0x43f	0x7e000000	640	639.75	-360	360.25	-1	1	d4d5cce7d665c309	8f05fe7cef2c0ea8
565	0x400	3	4	4	triangle_list	1	18	1	18	6	0	0	killed_by_clip_or_cull	1	1	6	15	0	0x10001	0	0	1280	208	1	0	0	0	1280	208	0x80000	0x18002	0x43f	0x7e000000	640	639.75	-360	360.25	-1	1	cb3cec323318973e	b9ec8ee3e5899507
566	0x400	3	4	4	triangle_list	1	24	1	24	8	0	0	killed_by_clip_or_cull	1	1	6	15	0	0x10001	0	0	1280	208	1	0	0	0	1280	208	0x80000	0x18002	0x43f	0x7e000000	640	639.75	-360	360.25	-1	1	cb3cec323318973e	b9ec8ee3e5899507
567	0x400	3	4	4	triangle_list	1	9	1	9	3	0	0	killed_by_clip_or_cull	1	1	6	15	0	0x10001	0	0	1280	208	1	0	0	0	1280	208	0x80000	0x18002	0x43f	0x7e000000	640	639.75	-360	360.25	-1	1	cb3cec323318973e	b9ec8ee3e5899507
568	0x400	3	4	4	triangle_list	1	30	1	30	10	0	0	killed_by_clip_or_cull	1	1	6	15	0	0x10001	0	0	1280	208	1	0	0	0	1280	208	0x80000	0x18002	0x43f	0x7e000000	640	639.75	-360	360.25	-1	1	cb3cec323318973e	b9ec8ee3e5899507
569	0x400	3	4	4	triangle_list	1	177	1	177	59	0	0	killed_by_clip_or_cull	1	1	6	15	0	0x10001	0	0	1280	208	1	0	0	0	1280	208	0x80000	0x18002	0x43f	0x7e000000	640	639.75	-360	360.25	-1	1	cb3cec323318973e	b9ec8ee3e5899507
570	0x400	3	4	4	triangle_list	1	24	1	24	8	0	0	killed_by_clip_or_cull	1	1	6	15	0	0x10001	0	0	1280	208	1	0	0	0	1280	208	0x80000	0x18002	0x43f	0x7e000000	640	639.75	-360	360.25	-1	1	cb3cec323318973e	b9ec8ee3e5899507
571	0x400	3	4	4	triangle_list	1	6	1	6	2	0	0	killed_by_clip_or_cull	1	1	6	15	0	0x10001	0	0	1280	208	1	0	0	0	1280	208	0x80000	0x18002	0x43f	0x7e000000	640	639.75	-360	360.25	-1	1	cb3cec323318973e	b9ec8ee3e5899507
572	0x400	3	4	4	triangle_list	1	15	1	15	5	0	0	killed_by_clip_or_cull	1	1	6	15	0	0x10001	0	0	1280	208	1	0	0	0	1280	208	0x80000	0x18002	0x43f	0x7e000000	640	639.75	-360	360.25	-1	1	cb3cec323318973e	cf930324f86834d1
573	0x400	3	4	4	triangle_list	1	12	1	12	4	0	0	killed_by_clip_or_cull	1	1	6	15	0	0x10001	0	0	1280	208	1	0	0	0	1280	208	0x80000	0x18002	0x43f	0x7e000000	640	639.75	-360	360.25	-1	1	cb3cec323318973e	165fc0f4f65a0c67
574	0x400	3	4	4	triangle_list	1	189	1	189	63	0	0	killed_by_clip_or_cull	1	1	6	15	0	0x10001	0	0	1280	208	1	0	0	0	1280	208	0x80000	0x18002	0x43f	0x7e000000	640	639.75	-360	360.25	-1	1	cb3cec323318973e	165fc0f4f65a0c67
575	0x400	3	4	4	triangle_list	1	108	1	108	36	0	0	killed_by_clip_or_cull	1	1	6	15	0	0x10001	0	0	1280	208	1	0	0	0	1280	208	0x80000	0x18002	0x43f	0x7e000000	640	639.75	-360	360.25	-1	1	cb3cec323318973e	165fc0f4f65a0c67
576	0x400	3	4	4	triangle_list	1	111	1	111	37	0	0	killed_by_clip_or_cull	1	1	6	15	0	0x10001	0	0	1280	208	1	0	0	0	1280	208	0x80000	0x18002	0x43f	0x7e000000	640	639.75	-360	360.25	-1	1	cb3cec323318973e	165fc0f4f65a0c67
577	0x400	3	4	4	triangle_list	1	9	1	9	3	0	0	killed_by_clip_or_cull	1	1	6	15	0	0x10001	0	0	1280	208	1	0	0	0	1280	208	0x80000	0x18002	0x43f	0x7e000000	640	639.75	-360	360.25	-1	1	cb3cec323318973e	b68fb582b90221b7
578	0x400	3	4	4	triangle_list	1	6	1	6	2	0	0	killed_by_clip_or_cull	1	1	6	15	0	0x10001	0	0	1280	208	1	0	0	0	1280	208	0x80000	0x18002	0x43f	0x7e000000	640	639.75	-360	360.25	-1	1	cb3cec323318973e	b68fb582b90221b7
579	0x400	3	4	4	triangle_list	1	45	1	45	15	0	0	killed_by_clip_or_cull	1	1	6	15	0	0x10001	0	0	1280	208	1	0	0	0	1280	208	0x80000	0x18002	0x43f	0x7e000000	640	639.75	-360	360.25	-1	1	cb3cec323318973e	b68fb582b90221b7
580	0x400	3	4	4	triangle_list	1	12	1	12	4	0	0	killed_by_clip_or_cull	1	1	6	15	0	0x10001	0	0	1280	208	1	0	0	0	1280	208	0x80000	0x18002	0x43f	0x7e000000	640	639.75	-360	360.25	-1	1	cb3cec323318973e	275169e1a551f34b
581	0x400	3	4	4	triangle_list	1	24	1	24	8	0	0	killed_by_clip_or_cull	1	1	6	15	0	0x10001	0	0	1280	208	1	0	0	0	1280	208	0x80000	0x18002	0x43f	0x7e000000	640	639.75	-360	360.25	-1	1	cb3cec323318973e	8a935b49fffd64a8
582	0x400	3	4	4	triangle_list	1	42	1	42	14	0	0	killed_by_clip_or_cull	1	1	6	15	0	0x10001	0	0	1280	208	1	0	0	0	1280	208	0x80000	0x18002	0x43f	0x7e000000	640	639.75	-360	360.25	-1	1	cb3cec323318973e	8a935b49fffd64a8
583	0x400	3	4	4	triangle_list	1	12	1	12	4	0	0	killed_by_clip_or_cull	1	1	6	15	0	0x10001	0	0	1280	208	1	0	0	0	1280	208	0x80000	0x18002	0x43f	0x7e000000	640	639.75	-360	360.25	-1	1	cb3cec323318973e	8a935b49fffd64a8
584	0x400	3	4	4	triangle_list	1	72	1	72	24	0	0	killed_by_clip_or_cull	1	1	6	15	0	0x10001	0	0	1280	208	1	0	0	0	1280	208	0x80000	0x18002	0x43f	0x7e000000	640	639.75	-360	360.25	-1	1	cb3cec323318973e	7e71bcea70d91c5a
585	0x400	3	4	4	triangle_list	1	9	1	9	3	0	0	killed_by_clip_or_cull	1	1	6	15	0	0x10001	0	0	1280	208	1	0	0	0	1280	208	0x80000	0x18002	0x43f	0x7e000000	640	639.75	-360	360.25	-1	1	cb3cec323318973e	7e71bcea70d91c5a
586	0x400	3	4	4	triangle_list	1	72	1	72	24	0	0	killed_by_clip_or_cull	1	1	6	15	0	0x10001	0	0	1280	208	1	0	0	0	1280	208	0x80000	0x18002	0x43f	0x7e000000	640	639.75	-360	360.25	-1	1	cb3cec323318973e	7e71bcea70d91c5a
587	0x400	3	4	4	triangle_list	1	69	1	69	23	0	0	killed_by_clip_or_cull	1	1	6	15	0	0x10001	0	0	1280	208	1	0	0	0	1280	208	0x80000	0x18002	0x43f	0x7e000000	640	639.75	-360	360.25	-1	1	cb3cec323318973e	7e71bcea70d91c5a
588	0x400	3	4	4	triangle_list	1	6	1	6	2	0	0	killed_by_clip_or_cull	1	1	6	15	0	0x10001	0	0	1280	208	1	0	0	0	1280	208	0x80000	0x18002	0x43f	0x7e000000	640	639.75	-360	360.25	-1	1	cb3cec323318973e	e00d72a0628ca93a
589	0x400	3	4	4	triangle_list	1	6	1	6	2	0	0	killed_by_clip_or_cull	1	1	6	15	0	0x10001	0	0	1280	208	1	0	0	0	1280	208	0x80000	0x18002	0x43f	0x7e000000	640	639.75	-360	360.25	-1	1	cb3cec323318973e	e00d72a0628ca93a
590	0x400	3	4	4	triangle_list	1	51	1	51	17	0	0	killed_by_clip_or_cull	1	1	6	15	0	0x10001	0	0	1280	208	1	0	0	0	1280	208	0x80000	0x18002	0x43f	0x7e000000	640	639.75	-360	360.25	-1	1	cb3cec323318973e	e00d72a0628ca93a
591	0x400	3	4	4	triangle_list	1	6	1	6	2	0	0	killed_by_clip_or_cull	1	1	6	15	0	0x10001	0	0	1280	208	1	0	0	0	1280	208	0x80000	0x18002	0x43f	0x7e000000	640	639.75	-360	360.25	-1	1	cb3cec323318973e	e00d72a0628ca93a
592	0x400	3	4	4	triangle_list	1	6	1	6	2	0	0	killed_by_clip_or_cull	1	1	6	15	0	0x10001	0	0	1280	208	1	0	0	0	1280	208	0x80000	0x18002	0x43f	0x7e000000	640	639.75	-360	360.25	-1	1	cb3cec323318973e	e00d72a0628ca93a
593	0x400	3	4	4	triangle_list	1	15	1	15	5	0	0	killed_by_clip_or_cull	1	1	6	15	0	0x10001	0	0	1280	208	1	0	0	0	1280	208	0x80000	0x18002	0x43f	0x7e000000	640	639.75	-360	360.25	-1	1	cb3cec323318973e	d179eef695855862
594	0x400	3	4	4	triangle_list	1	6	1	6	2	0	0	killed_by_clip_or_cull	1	1	6	15	0	0x10001	0	0	1280	208	1	0	0	0	1280	208	0x80000	0x18002	0x43f	0x7e000000	640	639.75	-360	360.25	-1	1	cb3cec323318973e	d179eef695855862
595	0x400	3	4	4	triangle_list	1	33	1	33	11	0	0	killed_by_clip_or_cull	1	1	6	15	0	0x10001	0	0	1280	208	1	0	0	0	1280	208	0x80000	0x18002	0x43f	0x7e000000	640	639.75	-360	360.25	-1	1	cb3cec323318973e	b0e2b58724140a6b
596	0x400	3	4	4	triangle_list	1	54	1	54	18	0	0	killed_by_clip_or_cull	1	1	6	15	0	0x10001	0	0	1280	208	1	0	0	0	1280	208	0x80000	0x18002	0x43f	0x7e000000	640	639.75	-360	360.25	-1	1	cb3cec323318973e	b0e2b58724140a6b
597	0x400	3	4	4	triangle_list	1	42	1	42	14	0	0	killed_by_clip_or_cull	1	1	6	15	0	0x10001	0	0	1280	208	1	0	0	0	1280	208	0x80000	0x18002	0x43f	0x7e000000	640	639.75	-360	360.25	-1	1	cb3cec323318973e	b0e2b58724140a6b
598	0x400	3	4	4	triangle_list	1	57	1	57	19	0	0	killed_by_clip_or_cull	1	1	6	15	0	0x10001	0	0	1280	208	1	0	0	0	1280	208	0x80000	0x18002	0x43f	0x7e000000	640	639.75	-360	360.25	-1	1	cb3cec323318973e	b0e2b58724140a6b
599	0x400	3	4	4	triangle_list	1	39	1	39	13	0	0	killed_by_clip_or_cull	1	1	6	15	0	0x10001	0	0	1280	208	1	0	0	0	1280	208	0x80000	0x18002	0x43f	0x7e000000	640	639.75	-360	360.25	-1	1	cb3cec323318973e	b0e2b58724140a6b
600	0x400	3	4	4	triangle_list	1	21	1	21	7	0	0	killed_by_clip_or_cull	1	1	6	15	0	0x10001	0	0	1280	208	1	0	0	0	1280	208	0x80000	0x18002	0x43f	0x7e000000	640	639.75	-360	360.25	-1	1	cb3cec323318973e	b0e2b58724140a6b
601	0x400	3	4	4	triangle_list	1	12	1	12	4	0	0	killed_by_clip_or_cull	1	1	6	15	0	0x10001	0	0	1280	208	1	0	0	0	1280	208	0x80000	0x18002	0x43f	0x7e000000	640	639.75	-360	360.25	-1	1	cb3cec323318973e	df8714928e710489
602	0x400	3	4	4	triangle_list	1	96	1	96	32	0	0	killed_by_clip_or_cull	1	1	6	15	0	0x10001	0	0	1280	208	1	0	0	0	1280	208	0x80000	0x18002	0x43f	0x7e000000	640	639.75	-360	360.25	-1	1	cb3cec323318973e	63dc93a9c0911b7f
603	0x400	3	4	4	triangle_list	1	24	1	24	8	0	0	killed_by_clip_or_cull	1	1	6	15	0	0x10001	0	0	1280	208	1	0	0	0	1280	208	0x80000	0x18002	0x43f	0x7e000000	640	639.75	-360	360.25	-1	1	cb3cec323318973e	63dc93a9c0911b7f
606	0x0	0	5	8	rectangle_list	0	3	0	3	1	2	0	rasterised_no_fragment	0	0	0	15	0	0x10001	0	0	1280	720	0	1	0	0	640	720	0x10000	0x10000	0x300	0x0	640	640	-360	360	-1	1	760aacf6212e632c	63c971f5e9d59913
607	0x2d0	3	4	8	rectangle_list	0	3	1	3	1	2	921600	colour_fully_masked	1	1	7	0	0	0x10001	0	0	1280	720	1	0	0	0	1280	720	0x80000	0x18002	0x43f	0x0	640	640	-360	360	-1	1	f815dffc99c73ad	272c76c2a6cc8701
608	0x2d0	4	5	8	rectangle_list	0	3	0	3	1	0	0	killed_by_clip_or_cull	1	1	7	15	0	0x10001	0	0	1280	720	0	1	0	0	640	720	0x10000	0x10000	0x300	0x0	640	640	-360	360	-1	1	760aacf6212e632c	63c971f5e9d59913
610	0x2d0	3	4	4	triangle_list	1	6	1	6	2	2	921600	shaded	0	0	7	15	0	0x10001	0	0	1280	720	0	1	0	0	1280	720	0x80000	0x18000	0x43f	0x0	640	640	-360	360	1	0	5363d0746b3ef666	501ac5d8692bf7b6
611	0x2d0	12	4	4	triangle_list	1	6	1	6	2	0	0	killed_by_clip_or_cull	1	0	6	15	1	0x1010101	0	0	1280	720	1	0	0	0	1280	720	0x80000	0x18002	0x43f	0x0	640	640	-360	360	-1	1	78423fc8deb81ba4	ae6bcda93492e09c
612	0x2d0	12	4	4	triangle_list	1	6	1	6	2	0	0	killed_by_clip_or_cull	1	0	6	15	1	0x1010101	0	0	1280	720	1	0	0	0	1280	720	0x80000	0x18002	0x43f	0x0	640	640	-360	360	-1	1	78423fc8deb81ba4	ae6bcda93492e09c
613	0x2d0	12	4	4	triangle_list	1	6	1	6	2	0	0	killed_by_clip_or_cull	1	0	6	15	1	0x1010101	0	0	1280	720	1	0	0	0	1280	720	0x80000	0x18002	0x43f	0x0	640	640	-360	360	-1	1	78423fc8deb81ba4	ae6bcda93492e09c
614	0x2d0	12	4	4	triangle_list	1	6	1	6	2	0	0	killed_by_clip_or_cull	1	0	6	15	1	0x1010101	0	0	1280	720	1	0	0	0	1280	720	0x80000	0x18002	0x43f	0x0	640	640	-360	360	-1	1	78423fc8deb81ba4	ae6bcda93492e09c
615	0x2d0	12	4	4	triangle_list	1	6	1	6	2	0	0	killed_by_clip_or_cull	1	0	6	15	1	0x1010101	0	0	1280	720	1	0	0	0	1280	720	0x80000	0x18002	0x43f	0x0	640	640	-360	360	-1	1	78423fc8deb81ba4	ae6bcda93492e09c
616	0x2d0	12	4	4	triangle_list	1	6	1	6	2	0	0	killed_by_clip_or_cull	1	0	6	15	1	0x1010101	0	0	1280	720	1	0	0	0	1280	720	0x80000	0x18002	0x43f	0x0	640	640	-360	360	-1	1	78423fc8deb81ba4	ae6bcda93492e09c
617	0x2d0	12	4	4	triangle_list	1	6	1	6	2	0	0	killed_by_clip_or_cull	1	0	6	15	1	0x1010101	0	0	1280	720	1	0	0	0	1280	720	0x80000	0x18002	0x43f	0x0	640	640	-360	360	-1	1	78423fc8deb81ba4	ae6bcda93492e09c
618	0x2d0	12	4	4	triangle_list	1	342	1	342	114	8	0	rasterised_no_fragment	1	0	6	15	1	0x1010101	0	0	1280	720	1	0	0	0	1280	720	0x80000	0x18002	0x43f	0x0	640	640	-360	360	-1	1	e15cb2c8ea51939e	29e29e6350ffb25a
619	0x2d0	12	4	4	triangle_list	1	342	1	342	114	0	0	killed_by_clip_or_cull	1	0	6	15	1	0x1010101	0	0	1280	720	1	0	0	0	1280	720	0x80000	0x18006	0x43f	0x0	640	640	-360	360	-1	1	e15cb2c8ea51939e	29e29e6350ffb25a
620	0x2d0	12	4	4	triangle_list	1	804	1	804	268	7	0	rasterised_no_fragment	1	0	6	15	1	0x1010101	0	0	1280	720	1	0	0	0	1280	720	0x80000	0x18002	0x43f	0x0	640	640	-360	360	-1	1	e15cb2c8ea51939e	2a08ccbdde51b112
621	0x2d0	12	4	4	triangle_list	1	342	1	342	114	0	0	killed_by_clip_or_cull	1	0	6	15	1	0x1010101	0	0	1280	720	1	0	0	0	1280	720	0x80000	0x18002	0x43f	0x0	640	640	-360	360	-1	1	e15cb2c8ea51939e	f1d1f9263c0aa1b6
622	0x2d0	12	4	4	triangle_list	1	342	1	342	114	8	0	rasterised_no_fragment	1	0	6	15	1	0x1010101	0	0	1280	720	1	0	0	0	1280	720	0x80000	0x18002	0x43f	0x0	640	640	-360	360	-1	1	e15cb2c8ea51939e	29e29e6350ffb25a
623	0x2d0	12	4	4	triangle_list	1	342	1	342	114	0	0	killed_by_clip_or_cull	1	0	6	15	1	0x1010101	0	0	1280	720	1	0	0	0	1280	720	0x80000	0x18006	0x43f	0x0	640	640	-360	360	-1	1	e15cb2c8ea51939e	29e29e6350ffb25a
624	0x2d0	12	4	4	triangle_list	1	804	1	804	268	7	0	rasterised_no_fragment	1	0	6	15	1	0x1010101	0	0	1280	720	1	0	0	0	1280	720	0x80000	0x18002	0x43f	0x0	640	640	-360	360	-1	1	e15cb2c8ea51939e	2a08ccbdde51b112
625	0x2d0	12	4	4	triangle_list	1	342	1	342	114	0	0	killed_by_clip_or_cull	1	0	6	15	1	0x1010101	0	0	1280	720	1	0	0	0	1280	720	0x80000	0x18002	0x43f	0x0	640	640	-360	360	-1	1	e15cb2c8ea51939e	f1d1f9263c0aa1b6
626	0x2d0	12	4	4	triangle_list	1	342	1	342	114	8	0	rasterised_no_fragment	1	0	6	15	1	0x1010101	0	0	1280	720	1	0	0	0	1280	720	0x80000	0x18002	0x43f	0x0	640	640	-360	360	-1	1	e15cb2c8ea51939e	29e29e6350ffb25a
627	0x2d0	12	4	4	triangle_list	1	342	1	342	114	0	0	killed_by_clip_or_cull	1	0	6	15	1	0x1010101	0	0	1280	720	1	0	0	0	1280	720	0x80000	0x18006	0x43f	0x0	640	640	-360	360	-1	1	e15cb2c8ea51939e	29e29e6350ffb25a
628	0x2d0	12	4	4	triangle_list	1	342	1	342	114	0	0	killed_by_clip_or_cull	1	0	6	15	1	0x1010101	0	0	1280	720	1	0	0	0	1280	720	0x80000	0x18002	0x43f	0x0	640	640	-360	360	-1	1	e15cb2c8ea51939e	29e29e6350ffb25a
629	0x2d0	12	4	4	triangle_list	1	342	1	342	114	0	0	killed_by_clip_or_cull	1	0	6	15	1	0x1010101	0	0	1280	720	1	0	0	0	1280	720	0x80000	0x18006	0x43f	0x0	640	640	-360	360	-1	1	e15cb2c8ea51939e	29e29e6350ffb25a
630	0x2d0	12	4	4	triangle_list	1	804	1	804	268	7	0	rasterised_no_fragment	1	0	6	15	1	0x1010101	0	0	1280	720	1	0	0	0	1280	720	0x80000	0x18002	0x43f	0x0	640	640	-360	360	-1	1	e15cb2c8ea51939e	2a08ccbdde51b112
631	0x2d0	12	4	4	triangle_list	1	804	1	804	268	0	0	killed_by_clip_or_cull	1	0	6	15	1	0x1010101	0	0	1280	720	1	0	0	0	1280	720	0x80000	0x18002	0x43f	0x0	640	640	-360	360	-1	1	e15cb2c8ea51939e	2a08ccbdde51b112
632	0x2d0	12	4	4	triangle_list	1	342	1	342	114	0	0	killed_by_clip_or_cull	1	0	6	15	1	0x1010101	0	0	1280	720	1	0	0	0	1280	720	0x80000	0x18002	0x43f	0x0	640	640	-360	360	-1	1	e15cb2c8ea51939e	f1d1f9263c0aa1b6
633	0x2d0	12	4	4	triangle_list	1	342	1	342	114	0	0	killed_by_clip_or_cull	1	0	6	15	1	0x1010101	0	0	1280	720	1	0	0	0	1280	720	0x80000	0x18002	0x43f	0x0	640	640	-360	360	-1	1	e15cb2c8ea51939e	f1d1f9263c0aa1b6
634	0x2d0	12	4	4	triangle_list	1	3372	1	3372	1124	46	60830	shaded	1	0	6	15	1	0x1010101	0	0	1280	720	1	0	0	0	1280	720	0x80000	0x18002	0x43f	0x0	640	640	-360	360	-1	1	7fd789deee60420b	56df7194114e7ca1
636	0x2d0	0	5	8	rectangle_list	0	3	0	3	1	2	0	rasterised_no_fragment	1	1	7	15	0	0x10001	0	0	1280	720	0	1	0	0	640	720	0x10000	0x10000	0x300	0x0	640	640	-360	360	-1	1	760aacf6212e632c	63c971f5e9d59913
637	0x0	0	5	8	rectangle_list	0	3	0	3	1	2	0	rasterised_no_fragment	1	1	7	0	1	0x1010101	0	0	1280	720	0	1	0	0	880	720	0x10000	0x10000	0x300	0x0	216	216	-216	216	1	0	760aacf6212e632c	63c971f5e9d59913
638	0x0	0	5	8	rectangle_list	0	3	0	3	1	2	0	rasterised_no_fragment	1	1	7	0	1	0x1010101	0	0	1280	720	0	1	0	0	440	720	0x10000	0x10000	0x300	0x0	216	216	-216	216	1	0	760aacf6212e632c	63c971f5e9d59913
639	0x2d0	0	4	4	triangle_list	1	4248	1	4248	1416	447	2523	colour_fully_masked	1	1	3	0	0	0x10001	5	5	422	422	0	1	5	5	422	422	0x80000	0x18002	0x43f	0x0	211	216	-211	216	1	0	5b7344cc83fd2d18	3f8dacf87fb8da17
640	0x2d0	0	4	4	triangle_list	1	1056	1	1056	352	137	63119	colour_fully_masked	1	1	3	0	0	0x10001	5	5	422	422	0	1	5	5	422	422	0x80000	0x18002	0x43f	0x0	211	216	-211	216	1	0	5b7344cc83fd2d18	3f8dacf87fb8da17
642	0x2d0	0	5	4	triangle_list	1	36	0	36	12	6	0	rasterised_no_fragment	1	0	6	0	0	0x10001	0	0	1280	720	1	0	0	0	1280	720	0x80000	0x18000	0x43f	0x0	640	640	-360	360	-1	1	f31422e2b8ed8de0	3f8dacf87fb8da17
643	0x2d0	0	4	4	triangle_list	1	36	1	36	12	6	921600	shaded	0	0	7	15	1	0x80008	0	0	1280	720	1	0	0	0	1280	720	0x80000	0x18002	0x43f	0x0	640	640	-360	360	-1	1	2eacd9d94a7dce71	25e217359ed17863
645	0x2d0	2	4	6	triangle_strip	0	4	1	4	2	2	921600	shaded	0	0	7	15	0	0x10001	0	0	1280	720	0	1	0	0	1280	720	0x80000	0x18000	0x43f	0x0	640	640	-360	360	1	0	f95a8fffd84dc358	c199b399ca818b55
646	0x0	0	5	8	rectangle_list	0	3	0	3	1	2	0	rasterised_no_fragment	0	0	0	0	0	0x10001	0	0	1280	720	0	1	0	0	640	720	0x10000	0x10000	0x300	0x0	640	640	-360	360	-1	1	760aacf6212e632c	63c971f5e9d59913
648	0x2d0	12	4	4	triangle_list	1	36	1	36	12	0	0	killed_by_clip_or_cull	1	0	6	15	1	0x1000400	0	0	1280	720	1	0	0	0	1280	720	0x80000	0x18002	0x43f	0x0	640	640	-360	360	-1	1	58ddc62747c4203b	85bd6083e5e84819
649	0x2d0	12	4	4	triangle_list	1	36	1	36	12	0	0	killed_by_clip_or_cull	1	0	6	15	1	0x1000400	0	0	1280	720	1	0	0	0	1280	720	0x80000	0x18002	0x43f	0x0	640	640	-360	360	-1	1	58ddc62747c4203b	85bd6083e5e84819
650	0x2d0	12	4	4	triangle_list	1	36	1	36	12	0	0	killed_by_clip_or_cull	1	0	6	15	1	0x1000400	0	0	1280	720	1	0	0	0	1280	720	0x80000	0x18002	0x43f	0x0	640	640	-360	360	-1	1	58ddc62747c4203b	85bd6083e5e84819
651	0x2d0	12	4	4	triangle_list	1	36	1	36	12	0	0	killed_by_clip_or_cull	1	0	6	15	1	0x1000400	0	0	1280	720	1	0	0	0	1280	720	0x80000	0x18002	0x43f	0x0	640	640	-360	360	-1	1	58ddc62747c4203b	85bd6083e5e84819
652	0x2d0	12	4	4	triangle_list	1	36	1	36	12	0	0	killed_by_clip_or_cull	1	0	6	15	1	0x1000400	0	0	1280	720	1	0	0	0	1280	720	0x80000	0x18002	0x43f	0x0	640	640	-360	360	-1	1	58ddc62747c4203b	85bd6083e5e84819
653	0x2d0	12	4	4	triangle_list	1	36	1	36	12	0	0	killed_by_clip_or_cull	1	0	6	15	1	0x1000400	0	0	1280	720	1	0	0	0	1280	720	0x80000	0x18002	0x43f	0x0	640	640	-360	360	-1	1	58ddc62747c4203b	85bd6083e5e84819
654	0x2d0	12	4	4	triangle_list	1	36	1	36	12	0	0	killed_by_clip_or_cull	1	0	6	15	1	0x1000400	0	0	1280	720	1	0	0	0	1280	720	0x80000	0x18002	0x43f	0x0	640	640	-360	360	-1	1	58ddc62747c4203b	85bd6083e5e84819
655	0x2d0	12	4	4	triangle_list	1	36	1	36	12	0	0	killed_by_clip_or_cull	1	0	6	15	1	0x1000400	0	0	1280	720	1	0	0	0	1280	720	0x80000	0x18002	0x43f	0x0	640	640	-360	360	-1	1	58ddc62747c4203b	85bd6083e5e84819
656	0x2d0	12	4	4	triangle_list	1	36	1	36	12	0	0	killed_by_clip_or_cull	1	0	6	15	1	0x1000400	0	0	1280	720	1	0	0	0	1280	720	0x80000	0x18002	0x43f	0x0	640	640	-360	360	-1	1	58ddc62747c4203b	85bd6083e5e84819
657	0x2d0	12	4	4	triangle_list	1	36	1	36	12	0	0	killed_by_clip_or_cull	1	0	6	15	1	0x1000400	0	0	1280	720	1	0	0	0	1280	720	0x80000	0x18002	0x43f	0x0	640	640	-360	360	-1	1	58ddc62747c4203b	85bd6083e5e84819
658	0x2d0	12	4	13	quad_list	1	36	1	36	12	6	148301	shaded	1	0	6	15	1	0x1000706	0	0	1280	720	1	0	0	0	1280	720	0x80000	0x18002	0x43f	0x0	640	640	-360	360	-1	1	40651253027b2de1	fe2999696394ae78
659	0x2d0	12	4	4	triangle_list	1	36	1	36	12	0	0	killed_by_clip_or_cull	1	0	6	15	1	0x1000400	0	0	1280	720	1	0	0	0	1280	720	0x80000	0x18002	0x43f	0x0	640	640	-360	360	-1	1	58ddc62747c4203b	85bd6083e5e84819
660	0x2d0	12	4	4	triangle_list	1	6	1	6	2	3	461	shaded	1	0	6	15	1	0x1000706	0	0	1280	720	1	0	0	0	1280	720	0x80000	0x18000	0x43f	0x0	640	640	-360	360	-1	1	58ddc62747c4203b	db24986d2cc37fb0
661	0x2d0	12	4	13	quad_list	1	42	1	42	14	14	36824	shaded	1	0	6	15	1	0x1000106	0	0	1280	720	1	0	0	0	1280	720	0x80000	0x18002	0x43f	0x0	640	640	-360	360	-1	1	40651253027b2de1	acf6723ea5b9438c
662	0x2d0	12	4	13	quad_list	1	30	1	30	10	10	890155	shaded	1	0	6	15	1	0x1000706	0	0	1280	720	1	0	0	0	1280	720	0x80000	0x18002	0x43f	0x0	640	640	-360	360	-1	1	40651253027b2de1	7eaff70c46715785
663	0x2d0	12	4	4	triangle_list	1	1440	1	1440	480	0	0	killed_by_clip_or_cull	1	0	6	15	1	0x1000706	0	0	1280	720	1	0	0	0	1280	720	0x80000	0x18000	0x43f	0x0	640	640	-360	360	-1	1	58ddc62747c4203b	e3e4093305fa2861
664	0x2d0	12	4	4	triangle_list	1	1440	1	1440	480	0	0	killed_by_clip_or_cull	1	0	6	15	1	0x1000706	0	0	1280	720	1	0	0	0	1280	720	0x80000	0x18000	0x43f	0x0	640	640	-360	360	-1	1	58ddc62747c4203b	e3e4093305fa2861
665	0x2d0	12	4	4	triangle_list	1	1440	1	1440	480	0	0	killed_by_clip_or_cull	1	0	6	15	1	0x1000706	0	0	1280	720	1	0	0	0	1280	720	0x80000	0x18000	0x43f	0x0	640	640	-360	360	-1	1	58ddc62747c4203b	e3e4093305fa2861
666	0x2d0	12	4	13	quad_list	1	42	1	42	14	0	0	killed_by_clip_or_cull	1	0	6	15	1	0x1000106	0	0	1280	720	1	0	0	0	1280	720	0x80000	0x18002	0x43f	0x0	640	640	-360	360	-1	1	40651253027b2de1	acf6723ea5b9438c
667	0x2d0	12	4	4	triangle_list	1	6	1	6	2	5	0	rasterised_no_fragment	1	0	6	15	1	0x1000706	0	0	1280	720	1	0	0	0	1280	720	0x80000	0x18000	0x43f	0x0	640	640	-360	360	-1	1	58ddc62747c4203b	db24986d2cc37fb0
668	0x2d0	12	4	4	triangle_list	1	6	1	6	2	0	0	killed_by_clip_or_cull	1	0	6	15	1	0x1000706	0	0	1280	720	1	0	0	0	1280	720	0x80000	0x18000	0x43f	0x0	640	640	-360	360	-1	1	58ddc62747c4203b	db24986d2cc37fb0
669	0x2d0	12	4	4	triangle_list	1	6	1	6	2	4	0	rasterised_no_fragment	1	0	6	15	1	0x1000706	0	0	1280	720	1	0	0	0	1280	720	0x80000	0x18000	0x43f	0x0	640	640	-360	360	-1	1	58ddc62747c4203b	73dd3420a2fbbdf2
671	0x0	0	5	8	rectangle_list	0	3	0	3	1	2	0	rasterised_no_fragment	1	1	7	15	1	0x1000706	0	0	1280	720	0	1	0	0	640	720	0x10000	0x10000	0x300	0x0	640	640	-360	360	-1	1	760aacf6212e632c	63c971f5e9d59913
672	0x0	0	5	8	rectangle_list	0	3	0	3	1	2	0	rasterised_no_fragment	0	0	0	0	0	0x10001	0	0	1280	720	0	1	0	0	640	720	0x10000	0x10000	0x300	0x0	640	640	-360	360	-1	1	760aacf6212e632c	63c971f5e9d59913
673	0x2d0	3	4	1	point_list	0	1	1	1	1	1	0	rasterised_no_fragment	0	0	0	0	0	0x10001	0	0	1280	720	0	1	0	0	16	16	0x10000	0x10000	0x300	0x0	640	640	-360	360	-1	1	760aacf6212e632c	63c971f5e9d59913
674	0x2d0	3	4	1	point_list	0	1	1	1	1	1	0	rasterised_no_fragment	0	0	0	0	0	0x10001	0	0	1280	720	0	1	0	0	16	16	0x10000	0x10000	0x300	0x0	640	640	-360	360	-1	1	760aacf6212e632c	63c971f5e9d59913
675	0x2d0	3	4	1	point_list	0	1	1	1	1	1	0	rasterised_no_fragment	0	0	0	0	0	0x10001	0	0	1280	720	0	1	0	0	16	16	0x10000	0x10000	0x300	0x0	640	640	-360	360	-1	1	760aacf6212e632c	63c971f5e9d59913
676	0x2d0	3	4	1	point_list	0	1	1	1	1	1	0	rasterised_no_fragment	0	0	0	0	0	0x10001	0	0	1280	720	0	1	0	0	16	16	0x10000	0x10000	0x300	0x0	640	640	-360	360	-1	1	760aacf6212e632c	63c971f5e9d59913
677	0x2d0	3	4	1	point_list	0	1	1	1	1	1	0	rasterised_no_fragment	0	0	0	0	0	0x10001	0	0	1280	720	0	1	0	0	16	16	0x10000	0x10000	0x300	0x0	640	640	-360	360	-1	1	760aacf6212e632c	63c971f5e9d59913
678	0x2d0	3	4	1	point_list	0	1	1	1	1	1	0	rasterised_no_fragment	0	0	0	0	0	0x10001	0	0	1280	720	0	1	0	0	16	16	0x10000	0x10000	0x300	0x0	640	640	-360	360	-1	1	760aacf6212e632c	63c971f5e9d59913
679	0x2d0	3	4	1	point_list	0	1	1	1	1	1	0	rasterised_no_fragment	0	0	0	0	0	0x10001	0	0	1280	720	0	1	0	0	16	16	0x10000	0x10000	0x300	0x0	640	640	-360	360	-1	1	760aacf6212e632c	63c971f5e9d59913
680	0x2d0	3	4	1	point_list	0	1	1	1	1	1	0	rasterised_no_fragment	0	0	0	0	0	0x10001	0	0	1280	720	0	1	0	0	16	16	0x10000	0x10000	0x300	0x0	640	640	-360	360	-1	1	760aacf6212e632c	63c971f5e9d59913
681	0x2d0	3	4	1	point_list	0	1	1	1	1	1	0	rasterised_no_fragment	0	0	0	0	0	0x10001	0	0	1280	720	0	1	0	0	16	16	0x10000	0x10000	0x300	0x0	640	640	-360	360	-1	1	760aacf6212e632c	63c971f5e9d59913
682	0x2d0	3	4	1	point_list	0	1	1	1	1	1	0	rasterised_no_fragment	0	0	0	0	0	0x10001	0	0	1280	720	0	1	0	0	16	16	0x10000	0x10000	0x300	0x0	640	640	-360	360	-1	1	760aacf6212e632c	63c971f5e9d59913
683	0x2d0	3	4	1	point_list	0	1	1	1	1	1	0	rasterised_no_fragment	0	0	0	0	0	0x10001	0	0	1280	720	0	1	0	0	16	16	0x10000	0x10000	0x300	0x0	640	640	-360	360	-1	1	760aacf6212e632c	63c971f5e9d59913
684	0x2d0	3	4	1	point_list	0	1	1	1	1	1	0	rasterised_no_fragment	0	0	0	0	0	0x10001	0	0	1280	720	0	1	0	0	16	16	0x10000	0x10000	0x300	0x0	640	640	-360	360	-1	1	760aacf6212e632c	63c971f5e9d59913
685	0x2d0	3	4	1	point_list	0	1	1	1	1	1	0	rasterised_no_fragment	0	0	0	0	0	0x10001	0	0	1280	720	0	1	0	0	16	16	0x10000	0x10000	0x300	0x0	640	640	-360	360	-1	1	760aacf6212e632c	63c971f5e9d59913
686	0x2d0	3	4	1	point_list	0	1	1	1	1	1	0	rasterised_no_fragment	0	0	0	0	0	0x10001	0	0	1280	720	0	1	0	0	16	16	0x10000	0x10000	0x300	0x0	640	640	-360	360	-1	1	760aacf6212e632c	63c971f5e9d59913
687	0x2d0	3	4	1	point_list	0	1	1	1	1	1	0	rasterised_no_fragment	0	0	0	0	0	0x10001	0	0	1280	720	0	1	0	0	16	16	0x10000	0x10000	0x300	0x0	640	640	-360	360	-1	1	760aacf6212e632c	63c971f5e9d59913
688	0x2d0	3	4	1	point_list	0	1	1	1	1	1	0	rasterised_no_fragment	0	0	0	0	0	0x10001	0	0	1280	720	0	1	0	0	16	16	0x10000	0x10000	0x300	0x0	640	640	-360	360	-1	1	760aacf6212e632c	63c971f5e9d59913
689	0x2d0	3	4	1	point_list	0	1	1	1	1	1	0	rasterised_no_fragment	0	0	0	0	0	0x10001	0	0	1280	720	0	1	0	0	16	16	0x10000	0x10000	0x300	0x0	640	640	-360	360	-1	1	760aacf6212e632c	63c971f5e9d59913
690	0x2d0	3	4	1	point_list	0	1	1	1	1	1	0	rasterised_no_fragment	0	0	0	0	0	0x10001	0	0	1280	720	0	1	0	0	16	16	0x10000	0x10000	0x300	0x0	640	640	-360	360	-1	1	760aacf6212e632c	63c971f5e9d59913
691	0x2d0	3	4	1	point_list	0	1	1	1	1	1	0	rasterised_no_fragment	0	0	0	0	0	0x10001	0	0	1280	720	0	1	0	0	16	16	0x10000	0x10000	0x300	0x0	640	640	-360	360	-1	1	760aacf6212e632c	63c971f5e9d59913
692	0x2d0	3	4	1	point_list	0	1	1	1	1	1	0	rasterised_no_fragment	0	0	0	0	0	0x10001	0	0	1280	720	0	1	0	0	16	16	0x10000	0x10000	0x300	0x0	640	640	-360	360	-1	1	760aacf6212e632c	63c971f5e9d59913
693	0x2d0	3	4	1	point_list	0	1	1	1	1	1	0	rasterised_no_fragment	0	0	0	0	0	0x10001	0	0	1280	720	0	1	0	0	16	16	0x10000	0x10000	0x300	0x0	640	640	-360	360	-1	1	760aacf6212e632c	63c971f5e9d59913
694	0x2d0	3	4	1	point_list	0	1	1	1	1	1	0	rasterised_no_fragment	0	0	0	0	0	0x10001	0	0	1280	720	0	1	0	0	16	16	0x10000	0x10000	0x300	0x0	640	640	-360	360	-1	1	760aacf6212e632c	63c971f5e9d59913
695	0x2d0	3	4	1	point_list	0	1	1	1	1	1	0	rasterised_no_fragment	0	0	0	0	0	0x10001	0	0	1280	720	0	1	0	0	16	16	0x10000	0x10000	0x300	0x0	640	640	-360	360	-1	1	760aacf6212e632c	63c971f5e9d59913
696	0x2d0	3	4	1	point_list	0	1	1	1	1	1	0	rasterised_no_fragment	0	0	0	0	0	0x10001	0	0	1280	720	0	1	0	0	16	16	0x10000	0x10000	0x300	0x0	640	640	-360	360	-1	1	760aacf6212e632c	63c971f5e9d59913
697	0x5a0	7	4	8	rectangle_list	0	6	1	6	2	4	50	shaded	0	0	0	15	0	0x10001	0	0	1280	720	0	1	0	0	400	720	0x10000	0x10000	0x300	0x0	161	161	-91	91	1	0	760aacf6212e632c	63c971f5e9d59913
698	0x5a0	7	4	8	rectangle_list	0	3	1	3	1	2	200	shaded	0	0	0	15	0	0x10001	0	0	1280	720	0	1	0	0	200	720	0x10000	0x10000	0x300	0x0	161	161	-91	91	1	0	760aacf6212e632c	63c971f5e9d59913
699	0x5a0	7	4	4	triangle_list	1	6	1	6	2	2	57600	shaded	0	0	7	15	0	0x10001	0	0	322	182	0	1	0	0	322	182	0x80000	0x18000	0x43f	0x0	161	161	-91	91	1	0	ad46941ba0a03cd4	a146058ecfeb9122
701	0x5a0	7	4	4	triangle_list	1	6	1	6	2	2	57600	shaded	0	0	7	15	0	0x10001	0	0	322	182	0	1	0	0	322	182	0x80000	0x18000	0x43f	0x0	161	161	-91	91	1	0	eea69915ab31b1a0	bb4572ac75a8b550
703	0x5a0	7	4	4	triangle_list	1	6	1	6	2	2	57600	shaded	0	0	7	15	0	0x10001	0	0	322	182	0	1	0	0	322	182	0x80000	0x18000	0x43f	0x0	161	161	-91	91	1	0	eea69915ab31b1a0	bb4572ac75a8b550
705	0x2d0	0	4	4	triangle_list	1	6	1	6	2	2	921600	shaded	0	0	7	15	0	0x10001	0	0	1280	720	1	0	0	0	1280	720	0x80000	0x18000	0x43f	0x0	640	640	-360	360	-1	1	9b81c55ca39bb529	9610bf8038af9aaf
707	0x2d0	0	4	4	triangle_list	1	6	1	6	2	2	921600	shaded	0	0	7	7	0	0x10001	0	0	1280	720	0	1	0	0	1280	720	0x80000	0x18000	0x43f	0x0	640	640	-360	360	1	0	79c10c3189e83893	629226076307234e
708	0x2d0	0	4	1	point_list	0	1	1	1	1	1	0	rasterised_no_fragment	0	0	0	0	0	0x10001	0	0	1280	720	0	1	0	0	16	16	0x10000	0x10000	0x300	0x0	640	640	-360	360	1	0	760aacf6212e632c	63c971f5e9d59913
709	0x2d0	0	4	1	point_list	0	1	1	1	1	1	0	rasterised_no_fragment	0	0	0	0	0	0x10001	0	0	1280	720	0	1	0	0	16	16	0x10000	0x10000	0x300	0x0	640	640	-360	360	1	0	760aacf6212e632c	63c971f5e9d59913
710	0x2d0	0	4	1	point_list	0	1	1	1	1	1	0	rasterised_no_fragment	0	0	0	0	0	0x10001	0	0	1280	720	0	1	0	0	16	16	0x10000	0x10000	0x300	0x0	640	640	-360	360	1	0	760aacf6212e632c	63c971f5e9d59913
711	0x2d0	0	4	1	point_list	0	1	1	1	1	1	0	rasterised_no_fragment	0	0	0	0	0	0x10001	0	0	1280	720	0	1	0	0	16	16	0x10000	0x10000	0x300	0x0	640	640	-360	360	1	0	760aacf6212e632c	63c971f5e9d59913
712	0x2d0	0	4	1	point_list	0	1	1	1	1	1	0	rasterised_no_fragment	0	0	0	0	0	0x10001	0	0	1280	720	0	1	0	0	16	16	0x10000	0x10000	0x300	0x0	640	640	-360	360	1	0	760aacf6212e632c	63c971f5e9d59913
713	0x2d0	0	4	1	point_list	0	1	1	1	1	1	0	rasterised_no_fragment	0	0	0	0	0	0x10001	0	0	1280	720	0	1	0	0	16	16	0x10000	0x10000	0x300	0x0	640	640	-360	360	1	0	760aacf6212e632c	63c971f5e9d59913
714	0x2d0	0	4	1	point_list	0	1	1	1	1	1	0	rasterised_no_fragment	0	0	0	0	0	0x10001	0	0	1280	720	0	1	0	0	16	16	0x10000	0x10000	0x300	0x0	640	640	-360	360	1	0	760aacf6212e632c	63c971f5e9d59913
715	0x2d0	0	4	1	point_list	0	1	1	1	1	1	0	rasterised_no_fragment	0	0	0	0	0	0x10001	0	0	1280	720	0	1	0	0	16	16	0x10000	0x10000	0x300	0x0	640	640	-360	360	1	0	760aacf6212e632c	63c971f5e9d59913
716	0x2d0	0	4	1	point_list	0	1	1	1	1	1	0	rasterised_no_fragment	0	0	0	0	0	0x10001	0	0	1280	720	0	1	0	0	16	16	0x10000	0x10000	0x300	0x0	640	640	-360	360	1	0	760aacf6212e632c	63c971f5e9d59913
717	0x2d0	0	4	1	point_list	0	1	1	1	1	1	0	rasterised_no_fragment	0	0	0	0	0	0x10001	0	0	1280	720	0	1	0	0	16	16	0x10000	0x10000	0x300	0x0	640	640	-360	360	1	0	760aacf6212e632c	63c971f5e9d59913
718	0x2d0	0	4	1	point_list	0	1	1	1	1	1	0	rasterised_no_fragment	0	0	0	0	0	0x10001	0	0	1280	720	0	1	0	0	16	16	0x10000	0x10000	0x300	0x0	640	640	-360	360	1	0	760aacf6212e632c	63c971f5e9d59913
719	0x2d0	0	4	1	point_list	0	1	1	1	1	1	0	rasterised_no_fragment	0	0	0	0	0	0x10001	0	0	1280	720	0	1	0	0	16	16	0x10000	0x10000	0x300	0x0	640	640	-360	360	1	0	760aacf6212e632c	63c971f5e9d59913
720	0x2d0	0	4	1	point_list	0	1	1	1	1	1	0	rasterised_no_fragment	0	0	0	0	0	0x10001	0	0	1280	720	0	1	0	0	16	16	0x10000	0x10000	0x300	0x0	640	640	-360	360	1	0	760aacf6212e632c	63c971f5e9d59913
721	0x2d0	0	4	1	point_list	0	1	1	1	1	1	0	rasterised_no_fragment	0	0	0	0	0	0x10001	0	0	1280	720	0	1	0	0	16	16	0x10000	0x10000	0x300	0x0	640	640	-360	360	1	0	760aacf6212e632c	63c971f5e9d59913
722	0x2d0	0	4	1	point_list	0	1	1	1	1	1	0	rasterised_no_fragment	0	0	0	0	0	0x10001	0	0	1280	720	0	1	0	0	16	16	0x10000	0x10000	0x300	0x0	640	640	-360	360	1	0	760aacf6212e632c	63c971f5e9d59913
723	0x2d0	0	4	1	point_list	0	1	1	1	1	1	0	rasterised_no_fragment	0	0	0	0	0	0x10001	0	0	1280	720	0	1	0	0	16	16	0x10000	0x10000	0x300	0x0	640	640	-360	360	1	0	760aacf6212e632c	63c971f5e9d59913
724	0x2d0	0	4	1	point_list	0	1	1	1	1	1	0	rasterised_no_fragment	0	0	0	0	0	0x10001	0	0	1280	720	0	1	0	0	16	16	0x10000	0x10000	0x300	0x0	640	640	-360	360	1	0	760aacf6212e632c	63c971f5e9d59913
725	0x2d0	0	4	1	point_list	0	1	1	1	1	1	0	rasterised_no_fragment	0	0	0	0	0	0x10001	0	0	1280	720	0	1	0	0	16	16	0x10000	0x10000	0x300	0x0	640	640	-360	360	1	0	760aacf6212e632c	63c971f5e9d59913
726	0x2d0	0	4	1	point_list	0	1	1	1	1	1	0	rasterised_no_fragment	0	0	0	0	0	0x10001	0	0	1280	720	0	1	0	0	16	16	0x10000	0x10000	0x300	0x0	640	640	-360	360	1	0	760aacf6212e632c	63c971f5e9d59913
727	0x2d0	0	4	1	point_list	0	1	1	1	1	1	0	rasterised_no_fragment	0	0	0	0	0	0x10001	0	0	1280	720	0	1	0	0	16	16	0x10000	0x10000	0x300	0x0	640	640	-360	360	1	0	760aacf6212e632c	63c971f5e9d59913
728	0x2d0	0	4	1	point_list	0	1	1	1	1	1	0	rasterised_no_fragment	0	0	0	0	0	0x10001	0	0	1280	720	0	1	0	0	16	16	0x10000	0x10000	0x300	0x0	640	640	-360	360	1	0	760aacf6212e632c	63c971f5e9d59913
729	0x2d0	0	4	1	point_list	0	1	1	1	1	1	0	rasterised_no_fragment	0	0	0	0	0	0x10001	0	0	1280	720	0	1	0	0	16	16	0x10000	0x10000	0x300	0x0	640	640	-360	360	1	0	760aacf6212e632c	63c971f5e9d59913
730	0x2d0	0	4	1	point_list	0	1	1	1	1	1	0	rasterised_no_fragment	0	0	0	0	0	0x10001	0	0	1280	720	0	1	0	0	16	16	0x10000	0x10000	0x300	0x0	640	640	-360	360	1	0	760aacf6212e632c	63c971f5e9d59913
731	0x2d0	0	4	1	point_list	0	1	1	1	1	1	0	rasterised_no_fragment	0	0	0	0	0	0x10001	0	0	1280	720	0	1	0	0	16	16	0x10000	0x10000	0x300	0x0	640	640	-360	360	1	0	760aacf6212e632c	63c971f5e9d59913
732	0x2d0	0	4	4	triangle_list	1	60	1	60	20	20	6600	shaded	0	0	7	15	1	0x1000706	0	0	1280	720	0	1	0	0	1280	720	0x80000	0x18000	0x43f	0x0	640	640	-360	360	1	0	5363d0746b3ef666	501ac5d8692bf7b6
733	0x2d0	0	4	4	triangle_list	1	12	1	12	4	4	16384	shaded	0	0	7	15	1	0x1000706	0	0	1280	720	0	1	0	0	1280	720	0x80000	0x18000	0x43f	0x0	640	640	-360	360	1	0	5363d0746b3ef666	501ac5d8692bf7b6
734	0x2d0	0	4	4	triangle_list	1	240	1	240	80	80	12880	shaded	0	0	7	15	1	0x1000706	0	0	1280	720	0	1	0	0	1280	720	0x80000	0x18000	0x43f	0x0	640	640	-360	360	1	0	5363d0746b3ef666	501ac5d8692bf7b6
735	0x2d0	0	4	4	triangle_list	1	12	1	12	4	4	16384	shaded	0	0	7	15	1	0x1000706	0	0	1280	720	0	1	0	0	1280	720	0x80000	0x18000	0x43f	0x0	640	640	-360	360	1	0	5363d0746b3ef666	501ac5d8692bf7b6
